src_id,tgt_id,mpnet_score,predicted_rel
5.3-11,5.3.1-2.2,0.8162,OVERLAP
5.2-1,5.2.2-4,0.7695,OVERLAP
5.3-8,5.4.1-1,0.6847,COMPLEMENTARITY
5.3-11,5.4.1-1,0.6714,COMPLEMENTARITY
5.3-11,5.2.3-4,0.6481,COMPLEMENTARITY
5.3-11,5.1.1-2.1,0.6198,COMPLEMENTARITY
5.3-8,5.3.1-2.2,0.6167,COMPLEMENTARITY
5.3-8,5.1.1-2.1,0.598,COMPLEMENTARITY
5.3-11,5.2.2-4,0.5953,COMPLEMENTARITY
5.3-4A,5.4.1-1.1,0.5926,COMPLEMENTARITY
5.0-1,5.2.3-2,0.5796,COMPLEMENTARITY
5.3-11,5.4.1-1.1,0.5786,COMPLEMENTARITY
5.3-11,5.3.1-3,0.5719,COMPLEMENTARITY
5.6-9,5.2.3-1,0.561,COMPLEMENTARITY
5.5-6,5.1.2-5,0.557,COMPLEMENTARITY
5.2-2,5.2.2-4,0.5546,COMPLEMENTARITY
5.2-1,5.2.3-2.2,0.5546,COMPLEMENTARITY
5.2-2,5.4.1-1,0.5499,COMPLEMENTARITY
5.5-6,5.2.4-1.1,0.5487,COMPLEMENTARITY
5.11-1,5.5.1-2,0.5472,COMPLEMENTARITY
5.6-7,5.1.2-6,0.5459,COMPLEMENTARITY
5.6-5,5.2.2-6,0.5453,COMPLEMENTARITY
5.2-1,5.4.1-1,0.5451,COMPLEMENTARITY
5.6-7,5.2.1-4,0.5442,COMPLEMENTARITY
5.11-3,5.5.1-2,0.542,COMPLEMENTARITY
5.5-6,5.2.1-4,0.5417,COMPLEMENTARITY
5.3-13,5.4.1-1,0.5413,COMPLEMENTARITY
5.2-1,5.3.1-2.2,0.5411,COMPLEMENTARITY
5.2-1,5.2.4-1.1,0.5367,COMPLEMENTARITY
5.3-13,5.3.1-2.2,0.5365,COMPLEMENTARITY
5.3-4A,5.2.1-2,0.5347,COMPLEMENTARITY
5.3-8,5.4.1-1.1,0.5339,COMPLEMENTARITY
5.13-1A,5.1.2-5,0.5339,COMPLEMENTARITY
5.3-12,5.3.1-2.2,0.5289,COMPLEMENTARITY
5.3-11,5.2.4-1.1,0.5242,COMPLEMENTARITY
5.2-2,5.3.1-3,0.5229,COMPLEMENTARITY
5.3-8,5.3.1-3,0.5226,COMPLEMENTARITY
5.3-13,5.2.3-4,0.5219,COMPLEMENTARITY
5.2-1,5.2.3-2,0.5214,COMPLEMENTARITY
5.0-1,5.1.3-2,0.5206,COMPLEMENTARITY
5.3-4A,5.1.1-2.1,0.5205,COMPLEMENTARITY
5.3-11,5.1.1-2,0.5195,COMPLEMENTARITY
5.13-1A,5.3.1-1,0.5184,COMPLEMENTARITY
5.3-8,5.2.2-4,0.518,COMPLEMENTARITY
5.5-6,5.2.2-1,0.5172,COMPLEMENTARITY
5.6-9,5.4.1-1.1,0.5171,COMPLEMENTARITY
5.13-1A,5.1.4-4,0.5162,COMPLEMENTARITY
5.2-1,5.4.1-1.1,0.5158,COMPLEMENTARITY
5.3-11,5.4.1-2,0.5158,COMPLEMENTARITY
5.11-4,5.5.1-2,0.5154,COMPLEMENTARITY
5.2-1,5.2.4-1,0.5141,COMPLEMENTARITY
5.3-11,5.1.3-2,0.5133,COMPLEMENTARITY
5.11-2,5.5.1-2,0.5098,COMPLEMENTARITY
5.3-11,5.1.4-4,0.5088,COMPLEMENTARITY
5.3-4B,5.4.1-1,0.5083,COMPLEMENTARITY
5.3-11,5.2.3-2.2,0.5083,COMPLEMENTARITY
5.6-9,5.2.1-2,0.5079,COMPLEMENTARITY
5.3-4A,5.4.1-1,0.5075,COMPLEMENTARITY
5.5-6,5.1.4-4,0.5073,COMPLEMENTARITY
5.3-12,5.4.1-1,0.5047,COMPLEMENTARITY
5.0-1,5.1.3-1,0.5018,COMPLEMENTARITY
5.3-4A,5.3.1-2.2,0.5014,COMPLEMENTARITY
5.6-7,5.2.2-1,0.5006,COMPLEMENTARITY
5.13-1B,5.1.2-5,0.498,NO_RELATION
5.3-11,5.1.1-1,0.4966,NO_RELATION
5.3-4A,5.2.3-1,0.4963,NO_RELATION
5.5-6,5.2.3-1,0.4961,NO_RELATION
5.6-9,5.2.4-1.2,0.4888,NO_RELATION
5.0-1,5.1.2-3,0.4886,NO_RELATION
5.6-7,5.2.2-3,0.4881,NO_RELATION
5.3-1,5.4.1-1.1,0.4879,NO_RELATION
5.5-8,5.1.3-1.1,0.4875,NO_RELATION
5.5-6,5.2.1-4.2,0.4867,NO_RELATION
5.13-1B,5.3.1-1,0.4863,NO_RELATION
5.3-13,5.2.2-4,0.486,NO_RELATION
5.13-1A,5.1.2-6,0.4859,NO_RELATION
5.2-1,5.1.2-4,0.4854,NO_RELATION
5.13-1B,5.1.4-4,0.4846,NO_RELATION
5.2-3,5.3.1-3,0.4839,NO_RELATION
5.3-4A,5.1.4-4,0.4826,NO_RELATION
5.4-4,5.2.4-1.2,0.4822,NO_RELATION
5.3-3,5.4.1-1,0.4822,NO_RELATION
5.9-1,5.2.1-3,0.4805,NO_RELATION
5.3-11,5.1.3-3,0.4802,NO_RELATION
5.3-8,5.4.2-4,0.4796,NO_RELATION
5.3-5,5.4.1-1,0.4795,NO_RELATION
5.3-4A,5.2.3-4,0.4789,NO_RELATION
5.13-1A,5.2.1-4,0.4788,NO_RELATION
5.6-9,5.1.2-4,0.4787,NO_RELATION
5.2-1,5.3.1-1,0.478,NO_RELATION
5.4-4,5.2.1-2,0.4778,NO_RELATION
5.5-6,5.1.3-3,0.4773,NO_RELATION
5.3-4B,5.4.1-1.1,0.4768,NO_RELATION
5.13-1A,5.2.1-4.1,0.4763,NO_RELATION
5.2-3,5.1.3-2,0.4758,NO_RELATION
5.2-1,5.1.1-2.1,0.4746,NO_RELATION
5.2-1,5.2.1-4,0.4742,NO_RELATION
5.2-2,5.3.1-2.2,0.474,NO_RELATION
5.12-3,5.1.4-4,0.474,NO_RELATION
5.3-11,5.2.4-1,0.4735,NO_RELATION
5.0-1,5.1.2-1,0.4732,NO_RELATION
5.0-1,5.1.3-3,0.473,NO_RELATION
5.2-1,5.2.3-2.1,0.4722,NO_RELATION
5.5-6,5.3.1-3,0.4717,NO_RELATION
5.13-1A,5.2.3-2,0.4713,NO_RELATION
5.5-6,5.3.1-2.2,0.4691,NO_RELATION
5.5-6,5.2.3-2,0.4683,NO_RELATION
5.12-3,5.3.1-2.2,0.468,NO_RELATION
5.5-6,5.2.3-2.1,0.4677,NO_RELATION
5.0-1,5.1.2-4,0.4676,NO_RELATION
5.0-1,5.1.3-1.1,0.4675,NO_RELATION
5.3-13,5.2.3-2.2,0.4673,NO_RELATION
5.2-3,5.4.2-4,0.4672,NO_RELATION
5.2-3,5.1.3-3,0.4666,NO_RELATION
5.0-1,5.2.4-1.1,0.4666,NO_RELATION
5.3-16,5.2.3-2,0.4665,NO_RELATION
5.2-1,5.3.1-3,0.4665,NO_RELATION
5.3-4B,5.3.1-2.2,0.4649,NO_RELATION
5.6-7,5.2.2-4,0.4643,NO_RELATION
5.3-4A,5.1.3-1.1,0.4639,NO_RELATION
5.6-9,5.4.1-1,0.4639,NO_RELATION
5.13-1A,5.3.1-2.1,0.4631,NO_RELATION
5.2-2,5.4.1-1.1,0.4629,NO_RELATION
5.13-1B,5.2.3-2,0.4626,NO_RELATION
5.13-1A,5.2.5-1,0.4624,NO_RELATION
5.2-1,5.2.3-4,0.4611,NO_RELATION
5.5-6,5.2.2-6,0.4608,NO_RELATION
5.3-11,5.1.3-1.1,0.4606,NO_RELATION
5.2-1,5.1.3-2,0.4599,NO_RELATION
5.6-9,5.2.2-1,0.4597,NO_RELATION
5.3-13,5.2.4-1,0.4582,NO_RELATION
5.7-2,5.4.1-1.1,0.4579,NO_RELATION
5.3-12,5.2.3-4,0.4579,NO_RELATION
5.0-1,5.1.1-2,0.4578,NO_RELATION
5.3-5,5.3.1-2.2,0.4577,NO_RELATION
5.5-6,5.4.1-1.1,0.4576,NO_RELATION
5.4-3,5.2.1-4,0.4574,NO_RELATION
5.6-7,5.1.2-5,0.4569,NO_RELATION
5.5-8,5.2.3-1,0.4567,NO_RELATION
5.13-1B,5.1.2-6,0.4558,NO_RELATION
5.6-7,5.1.4-4,0.4557,NO_RELATION
5.2-1,5.2.4-1.2,0.4552,NO_RELATION
5.3-4A,5.4.1-2,0.4551,NO_RELATION
5.5-8,5.2.3-2,0.4541,NO_RELATION
5.3-4A,5.2.4-1.1,0.4533,NO_RELATION
5.3-4A,5.2.2-4,0.4531,NO_RELATION
5.12-3,5.1.3-3,0.4526,NO_RELATION
5.3-11,5.1.3-1,0.4525,NO_RELATION
5.0-1,5.1.1-1,0.4524,NO_RELATION
5.6-9,5.2.5-1,0.4521,NO_RELATION
5.7-2,5.4.1-1,0.4518,NO_RELATION
5.2-3,5.1.1-2,0.451,NO_RELATION
5.2-1,5.3.1-2.1,0.4509,NO_RELATION
5.2-3,5.4.1-1.1,0.4505,NO_RELATION
5.3-11,5.1.2-5,0.45,NO_RELATION
5.3-9,5.1.4-4,0.4499,NO_RELATION
5.4-4,5.2.3-1,0.4492,NO_RELATION
5.3-4A,5.2.2-1,0.4491,NO_RELATION
5.3-11,5.1.4-3,0.449,NO_RELATION
5.3-3,5.3.1-2.2,0.4486,NO_RELATION
5.5-6,5.2.2-4,0.4484,NO_RELATION
5.2-1,5.2.2-1,0.4483,NO_RELATION
5.13-1B,5.3.1-2.1,0.4481,NO_RELATION
5.13-1A,5.1.4-5,0.4481,NO_RELATION
5.6-9,5.1.4-4,0.4474,NO_RELATION
5.6-5,5.2.3-2,0.4474,NO_RELATION
5.0-1,5.1.3-1.2,0.4469,NO_RELATION
5.5-8,5.2.2-6,0.4468,NO_RELATION
5.2-3,5.3.1-2.2,0.4465,NO_RELATION
5.3-11,5.4.2-1,0.4459,NO_RELATION
5.5-6,5.1.4-3,0.4453,NO_RELATION
5.6-9,5.2.3-2.1,0.4453,NO_RELATION
5.5-6,5.2.1-2,0.4452,NO_RELATION
5.8-3,5.2.3-2.2,0.4447,NO_RELATION
5.3-16,5.2.3-4,0.4446,NO_RELATION
5.13-1B,5.2.1-4,0.4443,NO_RELATION
5.4-3,5.2.4-1.2,0.4438,NO_RELATION
5.2-1,5.1.4-4,0.4438,NO_RELATION
5.6-9,5.1.1-2.2,0.4436,NO_RELATION
5.13-1A,5.2.5-2,0.443,NO_RELATION
5.2-1,5.1.3-3,0.443,NO_RELATION
5.6-7,5.1.3-1.2,0.4428,NO_RELATION
5.6-9,5.2.2-4,0.4426,NO_RELATION
5.13-1A,5.1.2-1.1,0.4422,NO_RELATION
5.3-13,5.2.3-2,0.4418,NO_RELATION
5.13-1A,5.1.2-4,0.4413,NO_RELATION
5.3-4B,5.3.1-3,0.4408,NO_RELATION
5.5-6,5.2.5-1,0.4408,NO_RELATION
5.5-6,5.2.4-1.2,0.4408,NO_RELATION
5.6-9,5.2.1-4.1,0.4406,NO_RELATION
5.6-9,5.2.4-1,0.4405,NO_RELATION
5.2-3,5.2.3-1,0.4405,NO_RELATION
5.13-1B,5.2.1-4.1,0.4403,NO_RELATION
5.6-9,5.2.1-4,0.4402,NO_RELATION
5.3-11,5.3.1-1,0.4402,NO_RELATION
5.4-4,5.4.1-2,0.4402,NO_RELATION
5.2-3,5.1.3-1,0.4394,NO_RELATION
5.4-3,5.1.3-1.2,0.4393,NO_RELATION
5.2-1,5.1.2-7,0.4392,NO_RELATION
5.2-1,5.2.5-3,0.4386,NO_RELATION
5.0-1,5.2.2-1,0.438,NO_RELATION
5.2-1,5.2.5-2,0.4379,NO_RELATION
5.13-1A,5.1.2-2,0.4379,NO_RELATION
5.11-4,5.1.4-4,0.4378,NO_RELATION
5.8-2,5.2.1-4,0.4375,NO_RELATION
5.5-2,5.2.4-1.2,0.4373,NO_RELATION
5.3-12,5.4.2-4,0.4373,NO_RELATION
5.3-10,5.2.4-1.2,0.4372,NO_RELATION
5.6-7,5.4.1-1.1,0.4369,NO_RELATION
5.12-2,5.2.3-1,0.4368,NO_RELATION
5.12-3,5.2.2-6,0.4368,NO_RELATION
5.2-3,5.2.2-6,0.4366,NO_RELATION
5.3-11,5.2.3-2.1,0.4366,NO_RELATION
5.2-1,5.1.4-3,0.4365,NO_RELATION
5.6-4A,5.2.2-2,0.4363,NO_RELATION
5.5-6,5.2.1-1,0.4362,NO_RELATION
5.5-8,5.2.4-1.2,0.4361,NO_RELATION
5.6-9,5.2.2-2,0.4358,NO_RELATION
5.5-8,5.2.3-2.1,0.4357,NO_RELATION
5.4-3,5.2.1-2,0.4354,NO_RELATION
5.3-4A,5.1.3-3,0.4354,NO_RELATION
5.6-9,5.1.3-1.2,0.4353,NO_RELATION
5.2-3,5.1.3-1.1,0.4351,NO_RELATION
5.2-1,5.2.5-1,0.4349,NO_RELATION
5.13-1A,5.2.3-4,0.4348,NO_RELATION
5.3-12,5.4.1-1.1,0.4345,NO_RELATION
5.0-1,5.2.3-1,0.4342,NO_RELATION
5.3-11,5.2.3-2,0.4339,NO_RELATION
5.12-2,5.2.1-2,0.4336,NO_RELATION
5.13-1A,5.2.5-4.1,0.4333,NO_RELATION
5.13-1B,5.2.1-3.1,0.4332,NO_RELATION
5.13-1A,5.2.3-2.1,0.4332,NO_RELATION
5.3-9,5.2.5-1,0.4332,NO_RELATION
5.3-8,5.2.3-4,0.4326,NO_RELATION
5.13-1B,5.2.5-1,0.4323,NO_RELATION
5.2-3,5.1.2-4,0.4322,NO_RELATION
5.3-13,5.2.5-2,0.4321,NO_RELATION
5.5-6,5.3.1-1,0.4321,NO_RELATION
5.13-1B,5.2.5-2,0.4317,NO_RELATION
5.3-11,5.4.2-4,0.4314,NO_RELATION
5.13-1A,5.1.2-3,0.4313,NO_RELATION
5.2-1,5.1.3-1,0.4313,NO_RELATION
5.10-1,5.4.2-4,0.4312,NO_RELATION
5.3-1,5.2.4-1.2,0.4299,NO_RELATION
5.5-6,5.2.4-1,0.4298,NO_RELATION
5.3-13,5.3.1-1,0.4297,NO_RELATION
5.5-6,5.1.3-1.1,0.4293,NO_RELATION
5.3-10,5.4.1-1,0.4292,NO_RELATION
5.6-9,5.2.2-6,0.4292,NO_RELATION
5.6-7,5.1.2-4,0.429,NO_RELATION
5.3-11,5.1.2-4,0.4285,NO_RELATION
5.12-3,5.1.3-2,0.428,NO_RELATION
5.5-8,5.1.4-4,0.428,NO_RELATION
5.5-2,5.2.2-1,0.4279,NO_RELATION
5.3-12,5.1.1-2.1,0.4274,NO_RELATION
5.4-2,5.2.4-1.2,0.4273,NO_RELATION
5.2-2,5.1.1-2.1,0.427,NO_RELATION
5.13-1A,5.1.4-3,0.4268,NO_RELATION
5.13-1A,5.1.3-1.2,0.4267,NO_RELATION
5.10-1,5.1.3-1,0.4265,NO_RELATION
5.3-10,5.2.2-6,0.4264,NO_RELATION
5.3-14,5.3.1-2.2,0.4262,NO_RELATION
5.3-16,5.3.1-1,0.4262,NO_RELATION
5.3-8,5.2.4-1,0.4259,NO_RELATION
5.3-10,5.2.1-2,0.4258,NO_RELATION
5.2-1,5.1.3-1.1,0.4257,NO_RELATION
5.0-1,5.4.1-1.1,0.4256,NO_RELATION
5.2-3,5.4.1-2,0.4255,NO_RELATION
5.4-4,5.4.1-1.1,0.4249,NO_RELATION
5.5-8,5.1.2-4,0.4248,NO_RELATION
5.3-11,5.1.2-5.1,0.4248,NO_RELATION
5.3-1,5.4.1-2,0.4247,NO_RELATION
5.13-1A,5.1.3-3,0.4245,NO_RELATION
5.6-3,5.1.3-1.2,0.4241,NO_RELATION
5.3-11,5.3.1-2.1,0.4239,NO_RELATION
5.3-14,5.2.3-2,0.4235,NO_RELATION
5.10-1,5.1.3-2,0.4229,NO_RELATION
5.3-13,5.2.2-6,0.4229,NO_RELATION
5.13-1A,5.2.1-3.1,0.4229,NO_RELATION
5.0-1,5.3.1-3,0.4228,NO_RELATION
5.3-4A,5.1.2-5,0.4225,NO_RELATION
5.4-4,5.1.3-2,0.4224,NO_RELATION
5.5-6,5.1.1-2.1,0.4223,NO_RELATION
5.0-1,5.2.3-2.1,0.4222,NO_RELATION
5.10-1,5.1.2-3,0.4219,NO_RELATION
5.3-11,5.2.5-1,0.4219,NO_RELATION
5.3-4A,5.2.2-6,0.4219,NO_RELATION
5.5-6,5.1.2-6,0.4218,NO_RELATION
5.6-7,5.1.4-3,0.4216,NO_RELATION
5.6-7,5.2.1-2,0.4215,NO_RELATION
5.3-9,5.4.1-1,0.4213,NO_RELATION
5.8-3,5.3.1-1,0.4213,NO_RELATION
5.13-1A,5.1.4-2,0.4211,NO_RELATION
5.2-2,5.4.2-4,0.4205,NO_RELATION
5.1-2,5.2.4-1.2,0.4203,NO_RELATION
5.2-3,5.2.2-4,0.4202,NO_RELATION
5.6-7,5.2.1-3.1,0.42,NO_RELATION
5.2-3,5.2.3-2,0.4199,NO_RELATION
5.5-6,5.1.2-4,0.4196,NO_RELATION
5.6-7,5.2.1-4.2,0.4194,NO_RELATION
5.0-1,5.1.2-5.1,0.4193,NO_RELATION
5.6-3,5.2.2-2,0.4187,NO_RELATION
5.2-1,5.2.2-5,0.4182,NO_RELATION
5.13-1B,5.1.3-3,0.4178,NO_RELATION
5.3-8,5.4.1-2,0.4178,NO_RELATION
5.13-1A,5.2.2-5,0.4178,NO_RELATION
5.2-1,5.1.1-2,0.4177,NO_RELATION
5.0-1,5.2.4-1.2,0.4176,NO_RELATION
5.0-1,5.3.1-2.2,0.4175,NO_RELATION
5.5-7,5.2.1-4,0.4175,NO_RELATION
5.2-3,5.4.1-1,0.4172,NO_RELATION
5.13-1A,5.5.1-1,0.417,NO_RELATION
5.6-7,5.2.5-4.1,0.4166,NO_RELATION
5.5-6,5.2.3-2.2,0.4166,NO_RELATION
5.11-1,5.5.1-1,0.4165,NO_RELATION
5.6-4A,5.2.2-3,0.4165,NO_RELATION
5.12-3,5.3.1-3,0.4161,NO_RELATION
5.3-16,5.2.4-1.2,0.416,NO_RELATION
5.2-3,5.1.1-1,0.416,NO_RELATION
5.5-8,5.1.3-3,0.4158,NO_RELATION
5.3-11,5.2.4-3,0.4158,NO_RELATION
5.9-1,5.1.2-2,0.4157,NO_RELATION
5.13-1B,5.2.3-2.1,0.4155,NO_RELATION
5.3-13,5.3.1-2.1,0.4153,NO_RELATION
5.3-4B,5.4.1-2,0.415,NO_RELATION
5.6-8,5.2.2-2,0.4148,NO_RELATION
5.4-4,5.1.3-1.2,0.4143,NO_RELATION
5.3-8,5.1.4-3,0.4142,NO_RELATION
5.3-11,5.2.1-4,0.4142,NO_RELATION
5.3-4A,5.1.4-3,0.4142,NO_RELATION
5.5-6,5.1.3-2,0.4141,NO_RELATION
5.3-1,5.2.2-6,0.4139,NO_RELATION
5.4-1,5.2.1-4,0.4136,NO_RELATION
5.3-2,5.4.1-1.1,0.4136,NO_RELATION
5.3-8,5.2.5-1,0.4135,NO_RELATION
5.2-3,5.1.3-1.2,0.4135,NO_RELATION
5.13-1A,5.2.4-1.1,0.4134,NO_RELATION
5.6-7,5.4.1-1,0.4134,NO_RELATION
5.13-1B,5.1.2-4,0.4133,NO_RELATION
5.3-1,5.2.1-2,0.4131,NO_RELATION
5.4-3,5.2.1-4.2,0.4128,NO_RELATION
5.4-4,5.1.2-4,0.4127,NO_RELATION
5.6-4A,5.2.1-4,0.4127,NO_RELATION
5.3-4A,5.1.2-4,0.4127,NO_RELATION
5.12-3,5.2.5-1,0.4125,NO_RELATION
5.7-2,5.2.1-2,0.4119,NO_RELATION
5.4-2,5.2.1-2,0.4119,NO_RELATION
5.13-1B,5.1.2-2,0.4119,NO_RELATION
5.5-6,5.5.1-1,0.4116,NO_RELATION
5.2-1,5.1.3-1.2,0.4113,NO_RELATION
5.2-1,5.2.2-6,0.4113,NO_RELATION
5.0-1,5.3.1-2.1,0.4113,NO_RELATION
5.7-2,5.2.2-2,0.4112,NO_RELATION
5.5-8,5.4.1-1,0.4112,NO_RELATION
5.2-3,5.2.4-1.2,0.4111,NO_RELATION
5.3-2,5.2.2-6,0.411,NO_RELATION
5.6-7,5.2.5-2,0.4106,NO_RELATION
5.6-7,5.2.5-1,0.4104,NO_RELATION
5.13-1A,5.1.3-2,0.41,NO_RELATION
5.13-1B,5.2.3-4,0.4099,NO_RELATION
5.4-3,5.2.2-2,0.4099,NO_RELATION
5.5-6,5.3.1-2.1,0.4098,NO_RELATION
5.6-7,5.2.3-1,0.4097,NO_RELATION
5.5-6,5.5.1-2,0.4092,NO_RELATION
5.0-1,5.4.1-2,0.409,NO_RELATION
5.2-3,5.2.2-2,0.4089,NO_RELATION
5.6-4A,5.1.3-1.2,0.4084,NO_RELATION
5.3-9,5.2.4-1.2,0.4083,NO_RELATION
5.6-9,5.1.4-3,0.4081,NO_RELATION
5.2-1,5.4.2-1,0.4081,NO_RELATION
5.5-6,5.1.3-1.3,0.408,NO_RELATION
5.12-3,5.2.3-1,0.4079,NO_RELATION
5.12-3,5.2.3-2,0.4076,NO_RELATION
5.1-2,5.1.3-1.2,0.4075,NO_RELATION
5.2-1,5.2.1-4.2,0.4075,NO_RELATION
5.6-5,5.2.2-2,0.4074,NO_RELATION
5.6-3,5.2.3-2,0.4073,NO_RELATION
5.0-1,5.2.2-6,0.4072,NO_RELATION
5.7-2,5.1.2-6,0.4068,NO_RELATION
5.6-9,5.4.1-2,0.4067,NO_RELATION
5.4-4,5.1.2-3,0.4066,NO_RELATION
5.12-2,5.2.2-6,0.4064,NO_RELATION
5.7-2,5.3.1-2.2,0.4062,NO_RELATION
5.13-1A,5.1.2-1,0.4061,NO_RELATION
5.12-2,5.1.3-2,0.4059,NO_RELATION
5.3-14,5.4.1-1,0.4059,NO_RELATION
5.1-4,5.2.2-2,0.4057,NO_RELATION
5.4-1,5.2.1-2,0.4053,NO_RELATION
5.12-3,5.1.2-3,0.4052,NO_RELATION
5.3-14,5.2.3-4,0.4048,NO_RELATION
5.5-2,5.2.5-1,0.4048,NO_RELATION
5.13-1A,5.2.5-4,0.4046,NO_RELATION
5.6-8,5.2.1-4,0.4045,NO_RELATION
5.13-1A,5.2.3-2.2,0.4045,NO_RELATION
5.2-3,5.1.2-3,0.4036,NO_RELATION
5.3-4B,5.2.2-5,0.4035,NO_RELATION
5.3-5,5.1.4-4,0.4034,NO_RELATION
5.6-7,5.1.2-1,0.4034,NO_RELATION
5.12-3,5.4.1-1.1,0.4033,NO_RELATION
5.3-4A,5.3.1-3,0.4033,NO_RELATION
5.12-2,5.3.1-2.2,0.4032,NO_RELATION
5.6-2,5.1.3-1.2,0.403,NO_RELATION
5.13-1A,5.3.1-2,0.403,NO_RELATION
5.6-9,5.2.4-1.1,0.403,NO_RELATION
5.4-4,5.1.4-4,0.403,NO_RELATION
5.0-1,5.2.2-2,0.403,NO_RELATION
5.10-1,5.4.2-2,0.4026,NO_RELATION
5.4-4,5.1.3-1.1,0.4024,NO_RELATION
5.6-7,5.1.3-3,0.4023,NO_RELATION
5.4-4,5.2.2-6,0.4023,NO_RELATION
5.6-9,5.1.3-1.1,0.4022,NO_RELATION
5.4-3,5.1.1-2.2,0.4021,NO_RELATION
5.2-2,5.2.4-1,0.4019,NO_RELATION
5.6-7,5.4.2-1,0.4018,NO_RELATION
5.13-1A,5.2.2-1,0.4018,NO_RELATION
5.7-2,5.2.1-3.1,0.4017,NO_RELATION
5.4-3,5.1.3-2,0.4016,NO_RELATION
5.3-10,5.2.3-1,0.4013,NO_RELATION
5.5-8,5.2.2-5,0.4013,NO_RELATION
5.5-6,5.1.2-7,0.4013,NO_RELATION
5.2-3,5.1.2-5.1,0.4012,NO_RELATION
5.2-1,5.2.3-1,0.4011,NO_RELATION
5.3-10,5.4.1-1.1,0.401,NO_RELATION
5.5-6,5.1.2-3,0.4009,NO_RELATION
5.6-7,5.3.1-1,0.4009,NO_RELATION
5.3-4B,5.1.3-1.1,0.4008,NO_RELATION
5.2-3,5.4.2-3,0.4006,NO_RELATION
5.13-1A,5.1.2-7,0.4003,NO_RELATION
5.4-4,5.1.3-1,0.4002,NO_RELATION
5.6-9,5.2.2-3,0.4002,NO_RELATION
5.13-1A,5.2.2-2,0.4,NO_RELATION
5.6-2,5.1.3-2,0.4,NO_RELATION
5.12-3,5.1.3-1.1,0.4,NO_RELATION
5.13-1B,5.2.5-4.1,0.4,NO_RELATION
5.7-2,5.4.1-2,0.3999,NO_RELATION
5.3-4B,5.2.2-6,0.3998,NO_RELATION
5.13-1B,5.2.4-1.1,0.3996,NO_RELATION
5.11-4,5.2.4-1,0.3994,NO_RELATION
5.5-6,5.2.3-4,0.3993,NO_RELATION
5.13-1B,5.1.2-3,0.3993,NO_RELATION
5.0-1,5.1.4-2,0.3992,NO_RELATION
5.0-1,5.2.2-4,0.3991,NO_RELATION
5.6-7,5.2.3-2,0.3988,NO_RELATION
5.12-2,5.1.3-1.1,0.3987,NO_RELATION
5.8-3,5.2.2-4,0.3987,NO_RELATION
5.6-7,5.2.5-4,0.3987,NO_RELATION
5.7-2,5.1.3-2,0.3986,NO_RELATION
5.5-8,5.2.5-1,0.3982,NO_RELATION
5.5-8,5.5.1-2,0.398,NO_RELATION
5.12-2,5.1.2-3,0.3978,NO_RELATION
5.5-8,5.2.2-1,0.3978,NO_RELATION
5.3-10,5.1.3-3,0.3978,NO_RELATION
5.7-2,5.3.1-3,0.3978,NO_RELATION
5.8-3,5.2.3-2,0.3972,NO_RELATION
5.0-1,5.1.1-1.1,0.3972,NO_RELATION
5.3-3,5.2.3-4,0.3972,NO_RELATION
5.7-2,5.1.3-1.1,0.3971,NO_RELATION
5.11-3,5.2.1-4,0.3969,NO_RELATION
5.8-2,5.2.1-4.2,0.3967,NO_RELATION
5.0-1,5.1.2-6,0.3967,NO_RELATION
5.3-13,5.1.1-2.1,0.3965,NO_RELATION
5.2-3,5.2.5-1,0.3964,NO_RELATION
5.1-5,5.2.2-2,0.3959,NO_RELATION
5.12-1,5.1.3-1.2,0.3959,NO_RELATION
5.13-1B,5.1.2-1.1,0.3958,NO_RELATION
5.3-11,5.4.1-3,0.3957,NO_RELATION
5.3-1,5.2.1-4.1,0.3957,NO_RELATION
5.6-8,5.1.2-6,0.3956,NO_RELATION
5.3-12,5.4.1-2,0.3956,NO_RELATION
5.2-2,5.2.3-2.1,0.3955,NO_RELATION
5.2-1,5.1.2-5,0.3954,NO_RELATION
5.4-4,5.1.3-3,0.3952,NO_RELATION
5.1-2,5.2.1-2,0.3952,NO_RELATION
5.8-1,5.2.1-4,0.3952,NO_RELATION
5.11-4,5.1.2-5,0.3951,NO_RELATION
5.4-3,5.2.3-1,0.3951,NO_RELATION
5.12-3,5.1.2-4,0.395,NO_RELATION
5.4-4,5.2.1-4,0.3949,NO_RELATION
5.7-2,5.2.2-5,0.3949,NO_RELATION
5.13-1A,5.3.1-2.2,0.3949,NO_RELATION
5.3-1,5.2.3-1,0.3947,NO_RELATION
5.3-1,5.4.1-1,0.3946,NO_RELATION
5.3-4B,5.2.1-2,0.3944,NO_RELATION
5.13-1B,5.2.2-6,0.3944,NO_RELATION
5.3-6B,5.4.1-1,0.394,NO_RELATION
5.4-3,5.1.2-4,0.3939,NO_RELATION
5.13-1B,5.2.3-2.2,0.3939,NO_RELATION
5.2-3,5.1.4-4,0.3939,NO_RELATION
5.3-4A,5.4.2-4,0.3937,NO_RELATION
5.0-1,5.2.4-1,0.3936,NO_RELATION
5.3-8,5.1.4-4,0.3935,NO_RELATION
5.11-3,5.1.4-4,0.3935,NO_RELATION
5.13-1A,5.2.2-6,0.3932,NO_RELATION
5.4-3,5.2.2-1,0.3931,NO_RELATION
5.3-4A,5.2.4-1,0.3931,NO_RELATION
5.5-2,5.2.3-2,0.393,NO_RELATION
5.13-1B,5.2.2-5,0.393,NO_RELATION
5.13-1B,5.5.1-1,0.393,NO_RELATION
5.12-2,5.4.1-1.1,0.393,NO_RELATION
5.11-4,5.3.1-2.2,0.3929,NO_RELATION
5.2-1,5.4.1-2,0.3929,NO_RELATION
5.7-2,5.1.3-3,0.3929,NO_RELATION
5.12-3,5.2.4-1.2,0.3928,NO_RELATION
5.2-3,5.2.2-5,0.3927,NO_RELATION
5.4-4,5.2.5-1,0.3926,NO_RELATION
5.3-6A,5.4.1-1.1,0.3923,NO_RELATION
5.3-3,5.1.1-2.1,0.3922,NO_RELATION
5.6-4A,5.1.2-4,0.3921,NO_RELATION
5.12-2,5.1.3-3,0.3921,NO_RELATION
5.13-1B,5.1.4-5,0.392,NO_RELATION
5.3-5,5.4.1-1.1,0.3918,NO_RELATION
5.6-7,5.1.1-2.2,0.3917,NO_RELATION
5.3-11,5.1.3-1.2,0.3916,NO_RELATION
5.6-4A,5.1.4-4,0.3915,NO_RELATION
5.6-7,5.1.3-2,0.3913,NO_RELATION
5.7-2,5.1.2-4,0.391,NO_RELATION
5.3-8,5.1.3-2,0.3907,NO_RELATION
5.3-4A,5.1.1-2,0.3905,NO_RELATION
5.5-6,5.1.1-2.2,0.3905,NO_RELATION
5.12-2,5.2.3-2,0.3905,NO_RELATION
5.1-2,5.1.3-2,0.3904,NO_RELATION
5.6-4A,5.2.2-4,0.3901,NO_RELATION
5.6-8,5.1.3-2,0.3898,NO_RELATION
5.10-1,5.4.2-3,0.3897,NO_RELATION
5.6-8,5.1.3-1.2,0.3895,NO_RELATION
5.3-1,5.3.1-2.2,0.3892,NO_RELATION
5.4-2,5.5.1-1,0.3891,NO_RELATION
5.10-1,5.1.3-1.2,0.389,NO_RELATION
5.5-7,5.2.4-1.2,0.389,NO_RELATION
5.6-9,5.3.1-3,0.3889,NO_RELATION
5.0-1,5.1.4-5,0.3889,NO_RELATION
5.6-5,5.1.2-6,0.3886,NO_RELATION
5.5-8,5.2.2-4,0.3886,NO_RELATION
5.3-4A,5.2.1-4,0.3885,NO_RELATION
5.3-13,5.2.4-1.1,0.3883,NO_RELATION
5.12-2,5.1.2-4,0.3883,NO_RELATION
5.4-3,5.2.5-4,0.388,NO_RELATION
5.9-1,5.4.1-1.1,0.3878,NO_RELATION
5.6-3,5.1.2-4,0.3873,NO_RELATION
5.3-11,5.2.1-2,0.3873,NO_RELATION
5.6-4A,5.1.2-3,0.3872,NO_RELATION
5.5-6,5.1.3-1.2,0.3871,NO_RELATION
5.3-8,5.1.3-3,0.3871,NO_RELATION
5.5-7,5.2.2-1,0.387,NO_RELATION
5.2-2,5.1.1-2,0.387,NO_RELATION
5.4-4,5.2.2-1,0.387,NO_RELATION
5.5-8,5.2.4-1.1,0.3869,NO_RELATION
5.5-6,5.2.1-3.1,0.3868,NO_RELATION
5.3-14,5.2.3-2.2,0.3867,NO_RELATION
5.4-4,5.2.3-2,0.3867,NO_RELATION
5.0-1,5.2.1-2,0.3866,NO_RELATION
5.3-6A,5.4.1-1,0.3866,NO_RELATION
5.3-12,5.1.3-2,0.3866,NO_RELATION
5.5-8,5.1.2-5,0.3862,NO_RELATION
5.3-4A,5.1.3-2,0.3862,NO_RELATION
5.1-4,5.1.2-6,0.3862,NO_RELATION
5.5-2,5.1.2-1,0.3859,NO_RELATION
5.3-7,5.4.1-1.1,0.3857,NO_RELATION
5.13-1B,5.1.2-7,0.3855,NO_RELATION
5.8-3,5.2.2-6,0.3855,NO_RELATION
5.3-11,5.2.2-1,0.3854,NO_RELATION
5.13-1A,5.4.1-1.1,0.3852,NO_RELATION
5.11-3,5.1.2-5,0.3851,NO_RELATION
5.3-4B,5.4.2-4,0.3851,NO_RELATION
5.5-8,5.3.1-3,0.385,NO_RELATION
5.3-10,5.1.1-2.1,0.3849,NO_RELATION
5.6-9,5.1.3-2,0.3849,NO_RELATION
5.2-2,5.1.4-3,0.3848,NO_RELATION
5.12-3,5.2.4-1.1,0.3848,NO_RELATION
5.12-3,5.4.1-1,0.3846,NO_RELATION
5.2-3,5.2.1-2,0.3844,NO_RELATION
5.3-10,5.3.1-2.2,0.3843,NO_RELATION
5.2-1,5.4.2-4,0.3841,NO_RELATION
5.13-1B,5.1.3-2,0.3841,NO_RELATION
5.3-9,5.3.1-2.2,0.3838,NO_RELATION
5.5-8,5.2.4-1,0.3838,NO_RELATION
5.3-4A,5.2.3-2.1,0.3836,NO_RELATION
5.3-13,5.4.1-3,0.3836,NO_RELATION
5.9-2,5.2.1-3.1,0.3836,NO_RELATION
5.4-1,5.2.4-1.2,0.3835,NO_RELATION
5.3-11,5.2.1-1,0.3834,NO_RELATION
5.3-1,5.1.2-4,0.3834,NO_RELATION
5.0-1,5.1.1-2.2,0.3832,NO_RELATION
5.12-3,5.2.2-4,0.3832,NO_RELATION
5.12-1,5.2.1-2,0.3827,NO_RELATION
5.3-4A,5.2.5-1,0.3826,NO_RELATION
5.3-4A,5.1.3-1.2,0.3824,NO_RELATION
5.3-10,5.4.1-2,0.3823,NO_RELATION
5.2-1,5.1.2-3,0.3822,NO_RELATION
5.5-6,5.1.2-1,0.3819,NO_RELATION
5.2-3,5.1.2-2,0.3819,NO_RELATION
5.5-2,5.1.2-4,0.3816,NO_RELATION
5.5-8,5.4.1-1.1,0.3816,NO_RELATION
5.13-1A,5.2.4-1.2,0.3815,NO_RELATION
5.3-13,5.4.1-1.1,0.3814,NO_RELATION
5.13-1B,5.1.4-2,0.3812,NO_RELATION
5.2-1,5.5.1-2,0.3812,NO_RELATION
5.4-4,5.1.2-6,0.3812,NO_RELATION
5.3-8,5.1.1-2,0.3811,NO_RELATION
5.3-16,5.1.4-2,0.381,NO_RELATION
5.12-1,5.2.3-1,0.381,NO_RELATION
5.2-2,5.1.3-3,0.381,NO_RELATION
5.3-8,5.2.3-2.1,0.381,NO_RELATION
5.13-1B,5.2.2-1,0.3809,NO_RELATION
5.6-4A,5.2.5-4,0.3809,NO_RELATION
5.6-8,5.1.2-4,0.3809,NO_RELATION
5.6-7,5.2.4-1,0.3808,NO_RELATION
5.3-1,5.2.3-2,0.3808,NO_RELATION
5.3-1,5.2.3-4,0.3808,NO_RELATION
5.4-4,5.2.2-2,0.3808,NO_RELATION
5.13-1B,5.2.5-4,0.3804,NO_RELATION
5.8-3,5.3.1-2.2,0.3802,NO_RELATION
5.6-7,5.2.4-1.1,0.3801,NO_RELATION
5.6-7,5.2.3-2.1,0.38,NO_RELATION
5.5-8,5.2.1-4,0.38,NO_RELATION
5.11-3,5.2.4-1,0.3798,NO_RELATION
5.3-14,5.2.2-6,0.3797,NO_RELATION
5.3-4A,5.2.4-1.2,0.3797,NO_RELATION
5.13-1A,5.5.1-2,0.3796,NO_RELATION
5.5-8,5.3.1-2.2,0.3795,NO_RELATION
5.6-7,5.2.2-2,0.3795,NO_RELATION
5.3-8,5.2.4-1.1,0.379,NO_RELATION
5.13-1B,5.1.4-3,0.3789,NO_RELATION
5.3-1,5.2.2-4,0.3789,NO_RELATION
5.6-7,5.3.1-2,0.3789,NO_RELATION
5.3-4B,5.1.4-4,0.3786,NO_RELATION
5.0-1,5.2.3-4,0.3784,NO_RELATION
5.0-1,5.1.2-5,0.3784,NO_RELATION
5.12-3,5.2.4-1,0.3783,NO_RELATION
5.3-10,5.1.4-4,0.3778,NO_RELATION
5.0-1,5.2.1-4,0.3777,NO_RELATION
5.5-8,5.1.3-1.2,0.3777,NO_RELATION
5.3-4B,5.1.3-2,0.3777,NO_RELATION
5.0-1,5.4.2-4,0.3777,NO_RELATION
5.6-9,5.1.2-3,0.3776,NO_RELATION
5.11-2,5.5.1-1,0.3773,NO_RELATION
5.13-1B,5.2.2-2,0.3773,NO_RELATION
5.6-2,5.1.3-1.1,0.3771,NO_RELATION
5.3-2,5.4.1-1,0.377,NO_RELATION
5.5-8,5.1.4-3,0.377,NO_RELATION
5.7-2,5.5.1-1,0.3768,NO_RELATION
5.3-16,5.3.1-2.1,0.3768,NO_RELATION
5.5-6,5.1.1-1.1,0.3765,NO_RELATION
5.3-12,5.1.3-1.1,0.3763,NO_RELATION
5.13-1A,5.4.1-2,0.3762,NO_RELATION
5.3-12,5.3.1-3,0.3761,NO_RELATION
5.2-3,5.2.4-1,0.376,NO_RELATION
5.6-9,5.1.2-6,0.376,NO_RELATION
5.3-5,5.2.5-1,0.3759,NO_RELATION
5.2-3,5.2.2-1,0.3758,NO_RELATION
5.6-7,5.4.1-2,0.3756,NO_RELATION
5.3-1,5.2.1-4,0.3755,NO_RELATION
5.3-8,5.1.3-1,0.3755,NO_RELATION
5.1-5,5.1.3-1.2,0.3754,NO_RELATION
5.12-1,5.3.1-2.2,0.3754,NO_RELATION
5.3-7,5.2.4-1.2,0.3753,NO_RELATION
5.3-4B,5.5.1-2,0.3752,NO_RELATION
5.6-5,5.3.1-2,0.3752,NO_RELATION
5.3-8,5.1.2-4,0.3752,NO_RELATION
5.12-2,5.3.1-3,0.3751,NO_RELATION
5.5-8,5.3.1-1,0.375,NO_RELATION
5.3-4B,5.1.2-4,0.375,NO_RELATION
5.11-1,5.1.2-5,0.3749,NO_RELATION
5.3-4B,5.2.3-1,0.3748,NO_RELATION
5.5-6,5.2.1-3,0.3745,NO_RELATION
5.5-2,5.2.5-3,0.3745,NO_RELATION
5.2-1,5.2.1-1,0.3745,NO_RELATION
5.13-1B,5.1.3-1.2,0.3744,NO_RELATION
5.13-1A,5.2.4-1,0.3743,NO_RELATION
5.8-2,5.2.1-2,0.3743,NO_RELATION
5.6-9,5.2.3-2,0.3742,NO_RELATION
5.4-3,5.4.1-1.1,0.374,NO_RELATION
5.7-2,5.1.2-3,0.374,NO_RELATION
5.5-6,5.1.1-2,0.374,NO_RELATION
5.2-2,5.2.5-2,0.374,NO_RELATION
5.0-1,5.3.1-1,0.374,NO_RELATION
5.3-8,5.1.3-1.1,0.3737,NO_RELATION
5.3-4A,5.2.3-2.2,0.3736,NO_RELATION
5.3-9,5.4.1-2,0.3736,NO_RELATION
5.2-1,5.4.1-3,0.3735,NO_RELATION
5.7-2,5.5.1-2,0.3734,NO_RELATION
5.5-7,5.2.2-2,0.3733,NO_RELATION
5.6-8,5.2.1-2,0.3732,NO_RELATION
5.1-2,5.2.1-4,0.3731,NO_RELATION
5.11-1,5.2.1-4,0.373,NO_RELATION
5.2-2,5.1.2-4,0.3729,NO_RELATION
5.2-3,5.2.5-2.1,0.3728,NO_RELATION
5.12-2,5.2.4-1.2,0.3727,NO_RELATION
5.3-8,5.2.1-1,0.3727,NO_RELATION
5.0-1,5.2.3-2.2,0.3726,NO_RELATION
5.5-7,5.2.1-2,0.3725,NO_RELATION
5.3-4A,5.1.1-2.2,0.3725,NO_RELATION
5.12-3,5.2.2-1,0.3725,NO_RELATION
5.7-1,5.2.4-1.2,0.3723,NO_RELATION
5.11-4,5.3.1-3,0.3722,NO_RELATION
5.3-4B,5.1.3-3,0.372,NO_RELATION
5.0-1,5.4.2-2,0.372,NO_RELATION
5.13-1B,5.3.1-2.2,0.3718,NO_RELATION
5.13-1B,5.2.4-1.2,0.3717,NO_RELATION
5.1-2,5.1.3-1.1,0.3716,NO_RELATION
5.1-2,5.1.2-3,0.3716,NO_RELATION
5.6-7,5.3.1-2.2,0.3715,NO_RELATION
5.3-4A,5.4.1-3,0.3714,NO_RELATION
5.12-3,5.1.2-1,0.3714,NO_RELATION
5.12-3,5.1.2-7,0.3711,NO_RELATION
5.2-1,5.1.3-1.3,0.371,NO_RELATION
5.5-8,5.1.2-7,0.371,NO_RELATION
5.2-3,5.2.1-4,0.371,NO_RELATION
5.5-7,5.2.1-4.2,0.3708,NO_RELATION
5.3-11,5.1.2-7,0.3707,NO_RELATION
5.6-7,5.1.3-1,0.3706,NO_RELATION
5.3-11,5.1.2-3,0.3705,NO_RELATION
5.6-2,5.2.1-4,0.3704,NO_RELATION
5.12-3,5.4.1-2,0.3704,NO_RELATION
5.11-1,5.3.1-1,0.3703,NO_RELATION
5.12-1,5.1.3-2,0.3703,NO_RELATION
5.7-2,5.1.4-4,0.37,NO_RELATION
5.2-1,5.1.2-6,0.37,NO_RELATION
5.13-1B,5.1.2-1,0.3698,NO_RELATION
5.3-4A,5.1.1-1.1,0.3697,NO_RELATION
5.13-1B,5.3.1-2,0.3697,NO_RELATION
5.3-11,5.2.2-6,0.3696,NO_RELATION
5.12-1,5.2.3-2,0.3694,NO_RELATION
5.8-2,5.1.3-2,0.3693,NO_RELATION
5.2-2,5.4.2-1,0.369,NO_RELATION
5.12-3,5.1.1-2,0.3689,NO_RELATION
5.3-10,5.1.2-3,0.3689,NO_RELATION
5.6-7,5.5.1-1,0.3687,NO_RELATION
5.6-2,5.1.2-6,0.3687,NO_RELATION
5.12-2,5.1.4-4,0.3687,NO_RELATION
5.12-1,5.2.2-1,0.3686,NO_RELATION
5.5-6,5.1.2-1.1,0.3685,NO_RELATION
5.12-1,5.1.2-3,0.3683,NO_RELATION
5.6-7,5.1.4-2,0.3683,NO_RELATION
5.6-9,5.1.3-1,0.3681,NO_RELATION
5.8-1,5.2.1-4.2,0.3681,NO_RELATION
5.3-16,5.5.1-1,0.368,NO_RELATION
5.6-5,5.1.4-5,0.368,NO_RELATION
5.5-2,5.4.1-2,0.3679,NO_RELATION
5.4-1,5.1.2-5,0.3678,NO_RELATION
5.0-1,5.2.5-4,0.3678,NO_RELATION
5.6-8,5.2.2-1,0.3677,NO_RELATION
5.12-1,5.1.2-4,0.3677,NO_RELATION
5.3-12,5.4.1-3,0.3677,NO_RELATION
5.2-2,5.2.5-1,0.3674,NO_RELATION
5.12-2,5.1.3-1.2,0.3672,NO_RELATION
5.2-3,5.2.3-2.1,0.3671,NO_RELATION
5.8-2,5.2.2-1,0.367,NO_RELATION
5.12-3,5.1.2-6,0.3669,NO_RELATION
5.6-4A,5.1.3-2,0.3668,NO_RELATION
5.4-3,5.1.2-3,0.3666,NO_RELATION
5.11-3,5.2.2-4,0.3665,NO_RELATION
5.3-4B,5.2.4-1,0.3664,NO_RELATION
5.3-4B,5.2.5-1,0.3664,NO_RELATION
5.6-4A,5.1.2-6,0.3663,NO_RELATION
5.3-4A,5.1.2-3,0.3662,NO_RELATION
5.12-1,5.3.1-3,0.3661,NO_RELATION
5.13-1A,5.2.3-1,0.3659,NO_RELATION
5.12-3,5.2.2-2,0.3658,NO_RELATION
5.3-11,5.2.2-5,0.3658,NO_RELATION
5.4-4,5.2.4-1.1,0.3657,NO_RELATION
5.3-4B,5.1.1-2.1,0.3655,NO_RELATION
5.6-4A,5.4.1-1.1,0.3654,NO_RELATION
5.9-1,5.1.3-4,0.3654,NO_RELATION
5.2-1,5.2.5-4,0.3654,NO_RELATION
5.7-2,5.2.1-4,0.3653,NO_RELATION
5.5-6,5.2.1-4.1,0.3653,NO_RELATION
5.3-13,5.2.5-1,0.3653,NO_RELATION
5.5-8,5.5.1-1,0.3653,NO_RELATION
5.9-1,5.2.2-5,0.3651,NO_RELATION
5.6-5,5.2.5-2,0.365,NO_RELATION
5.13-1A,5.2.1-2,0.3649,NO_RELATION
5.6-2,5.5.1-1,0.3648,NO_RELATION
5.3-4A,5.2.3-2,0.3648,NO_RELATION
5.12-2,5.2.2-1,0.3647,NO_RELATION
5.12-2,5.2.3-2.2,0.3647,NO_RELATION
5.9-1,5.2.2-6,0.3646,NO_RELATION
5.6-9,5.2.5-4,0.3645,NO_RELATION
5.2-2,5.1.3-2,0.3644,NO_RELATION
5.4-4,5.4.1-1,0.3643,NO_RELATION
5.4-1,5.5.1-2,0.3643,NO_RELATION
5.3-9,5.2.1-2,0.3643,NO_RELATION
5.2-2,5.2.2-5,0.3639,NO_RELATION
5.6-4A,5.2.2-1,0.3639,NO_RELATION
5.11-4,5.2.2-4,0.3638,NO_RELATION
5.3-4A,5.2.1-3.1,0.3638,NO_RELATION
5.4-3,5.2.3-2,0.3637,NO_RELATION
5.8-3,5.2.2-1,0.3637,NO_RELATION
5.3-10,5.2.3-4,0.3636,NO_RELATION
5.6-2,5.2.2-2,0.3634,NO_RELATION
5.6-7,5.2.3-2.2,0.3634,NO_RELATION
5.3-4A,5.1.1-1,0.3631,NO_RELATION
5.4-3,5.1.4-4,0.363,NO_RELATION
5.8-3,5.1.4-2,0.3629,NO_RELATION
5.6-7,5.3.1-3,0.3629,NO_RELATION
5.11-2,5.2.2-6,0.3629,NO_RELATION
5.8-2,5.1.2-5,0.3628,NO_RELATION
5.3-11,5.2.3-1,0.3626,NO_RELATION
5.13-1A,5.2.2-4,0.3625,NO_RELATION
5.6-4A,5.2.1-2,0.3625,NO_RELATION
5.2-2,5.1.4-4,0.3625,NO_RELATION
5.2-3,5.4.2-2,0.3625,NO_RELATION
5.11-4,5.2.2-6,0.3623,NO_RELATION
5.12-3,5.1.2-5,0.3621,NO_RELATION
5.12-2,5.2.2-4,0.3621,NO_RELATION
5.1-2,5.5.1-1,0.3621,NO_RELATION
5.1-4,5.2.1-2,0.362,NO_RELATION
5.7-2,5.4.2-4,0.362,NO_RELATION
5.5-8,5.1.3-2,0.3619,NO_RELATION
5.2-1,5.3.1-2,0.3619,NO_RELATION
5.6-8,5.4.1-1.1,0.3618,NO_RELATION
5.4-3,5.4.1-2,0.3618,NO_RELATION
5.8-2,5.1.2-3,0.3616,NO_RELATION
5.4-2,5.2.1-4,0.3614,NO_RELATION
5.11-3,5.5.1-1,0.3614,NO_RELATION
5.7-2,5.2.4-3,0.3613,NO_RELATION
5.4-3,5.2.2-4,0.3613,NO_RELATION
5.7-2,5.1.3-1.2,0.3612,NO_RELATION
5.0-1,5.4.2-3,0.3612,NO_RELATION
5.1-4,5.2.1-4,0.361,NO_RELATION
5.3-13,5.2.2-5,0.3609,NO_RELATION
5.5-3,5.2.3-2,0.3608,NO_RELATION
5.2-3,5.1.2-1,0.3607,NO_RELATION
5.6-7,5.1.3-1.3,0.3607,NO_RELATION
5.12-3,5.2.3-4,0.3607,NO_RELATION
5.2-3,5.1.1-2.1,0.3607,NO_RELATION
5.6-7,5.2.5-2.1,0.3607,NO_RELATION
5.3-4A,5.1.3-1,0.3606,NO_RELATION
5.1-4,5.1.3-3,0.3605,NO_RELATION
5.6-9,5.5.1-1,0.3605,NO_RELATION
5.6-9,5.1.3-3,0.3605,NO_RELATION
5.6-8,5.5.1-1,0.3605,NO_RELATION
5.12-3,5.2.1-2,0.3605,NO_RELATION
5.3-12,5.2.2-5,0.3604,NO_RELATION
5.4-2,5.1.2-3,0.3604,NO_RELATION
5.5-1,5.2.1-2,0.3604,NO_RELATION
5.12-3,5.1.1-2.1,0.3604,NO_RELATION
5.12-3,5.2.3-2.2,0.3603,NO_RELATION
5.3-14,5.4.1-1.1,0.3602,NO_RELATION
5.5-6,5.4.2-1,0.3602,NO_RELATION
5.0-1,5.2.5-4.1,0.36,NO_RELATION
5.3-3,5.4.1-1.1,0.36,NO_RELATION
5.4-4,5.2.5-2.1,0.3598,NO_RELATION
5.11-1,5.1.2-3,0.3597,NO_RELATION
5.5-7,5.1.3-1.2,0.3597,NO_RELATION
5.10-1,5.4.1-2,0.3596,NO_RELATION
5.2-1,5.2.2-2,0.3596,NO_RELATION
5.3-13,5.3.1-3,0.3595,NO_RELATION
5.0-1,5.1.2-1.1,0.3595,NO_RELATION
5.3-1,5.1.3-1.2,0.3594,NO_RELATION
5.6-4A,5.2.2-5,0.3593,NO_RELATION
5.7-2,5.2.3-1,0.3593,NO_RELATION
5.7-1,5.1.3-3,0.3592,NO_RELATION
5.6-4A,5.2.4-1.2,0.3591,NO_RELATION
5.10-1,5.2.1-4,0.359,NO_RELATION
5.0-1,5.2.5-1,0.3589,NO_RELATION
5.5-2,5.2.2-6,0.3589,NO_RELATION
5.12-2,5.1.1-1.1,0.3588,NO_RELATION
5.6-4A,5.4.2-3,0.3587,NO_RELATION
5.4-2,5.1.2-5,0.3587,NO_RELATION
5.3-4B,5.1.1-2,0.3587,NO_RELATION
5.3-9,5.4.1-1.1,0.3587,NO_RELATION
5.5-7,5.1.2-6,0.3586,NO_RELATION
5.3-1,5.5.1-2,0.3586,NO_RELATION
5.13-1A,5.1.4-1,0.3586,NO_RELATION
5.4-2,5.2.2-2,0.3585,NO_RELATION
5.12-3,5.1.3-1.2,0.3585,NO_RELATION
5.12-1,5.1.2-6,0.3585,NO_RELATION
5.5-6,5.1.3-1,0.3584,NO_RELATION
5.6-9,5.1.2-7,0.3584,NO_RELATION
5.8-2,5.2.4-1.2,0.3583,NO_RELATION
5.5-8,5.1.2-6,0.3581,NO_RELATION
5.3-11,5.1.2-6,0.358,NO_RELATION
5.11-4,5.2.3-4,0.358,NO_RELATION
5.8-3,5.2.2-2,0.3578,NO_RELATION
5.4-4,5.4.2-4,0.3578,NO_RELATION
5.4-3,5.1.3-1,0.3578,NO_RELATION
5.7-1,5.2.3-1,0.3578,NO_RELATION
5.12-2,5.1.2-6,0.3577,NO_RELATION
5.5-8,5.1.2-3,0.3577,NO_RELATION
5.6-9,5.2.5-4.1,0.3576,NO_RELATION
5.10-1,5.2.4-2,0.3576,NO_RELATION
5.12-2,5.1.2-1,0.3575,NO_RELATION
5.2-1,5.1.1-2.2,0.3573,NO_RELATION
5.3-4A,5.5.1-1,0.3573,NO_RELATION
5.12-1,5.2.1-4,0.3569,NO_RELATION
5.3-10,5.1.2-6,0.3567,NO_RELATION
5.13-1B,5.2.4-1,0.3565,NO_RELATION
5.6-4A,5.4.1-2,0.3565,NO_RELATION
5.13-1B,5.5.1-2,0.3565,NO_RELATION
5.5-8,5.2.5-2,0.3564,NO_RELATION
5.2-1,5.1.2-5.1,0.3562,NO_RELATION
5.6-7,5.1.2-3,0.3562,NO_RELATION
5.3-9,5.2.2-6,0.3561,NO_RELATION
5.6-4A,5.2.3-1,0.356,NO_RELATION
5.5-6,5.1.2-2,0.3555,NO_RELATION
5.3-12,5.3.1-1,0.3555,NO_RELATION
5.5-3,5.5.1-2,0.3554,NO_RELATION
5.3-7,5.4.1-2,0.3553,NO_RELATION
5.12-1,5.1.4-4,0.3552,NO_RELATION
5.3-4B,5.2.2-4,0.3552,NO_RELATION
5.3-1,5.2.2-2,0.3552,NO_RELATION
5.2-2,5.1.3-1.1,0.3552,NO_RELATION
5.12-3,5.1.1-1,0.3552,NO_RELATION
5.13-1B,5.4.1-1.1,0.3551,NO_RELATION
5.8-3,5.2.4-1.2,0.3551,NO_RELATION
5.2-2,5.1.3-1,0.3549,NO_RELATION
5.3-11,5.1.2-1,0.3548,NO_RELATION
5.3-11,5.1.1-1.1,0.3548,NO_RELATION
5.8-2,5.1.2-6,0.3547,NO_RELATION
5.6-4A,5.2.3-2,0.3546,NO_RELATION
5.8-1,5.2.2-1,0.3546,NO_RELATION
5.12-3,5.1.4-3,0.3546,NO_RELATION
5.2-3,5.1.3-4,0.3545,NO_RELATION
5.3-10,5.1.2-4,0.3544,NO_RELATION
5.0-1,5.2.1-4.1,0.3542,NO_RELATION
5.12-2,5.2.4-1,0.3542,NO_RELATION
5.3-8,5.1.1-1,0.3542,NO_RELATION
5.2-3,5.2.1-3,0.3542,NO_RELATION
5.3-4A,5.2.1-1,0.3541,NO_RELATION
5.5-6,5.2.5-3,0.3541,NO_RELATION
5.1-2,5.2.2-2,0.3539,NO_RELATION
5.7-2,5.4.2-3,0.3539,NO_RELATION
5.3-10,5.5.1-1,0.3538,NO_RELATION
5.6-7,5.1.4-5,0.3538,NO_RELATION
5.3-10,5.1.3-1.1,0.3537,NO_RELATION
5.4-3,5.5.1-1,0.3535,NO_RELATION
5.2-3,5.1.1-2.2,0.3534,NO_RELATION
5.12-1,5.4.1-1.1,0.3534,NO_RELATION
5.6-3,5.1.2-6,0.3531,NO_RELATION
5.12-2,5.2.1-4,0.3531,NO_RELATION
5.4-3,5.1.2-6,0.3529,NO_RELATION
5.6-4A,5.1.1-2.2,0.3529,NO_RELATION
5.8-2,5.5.1-1,0.3528,NO_RELATION
5.12-2,5.1.1-2,0.3526,NO_RELATION
5.3-4B,5.1.3-1.2,0.3526,NO_RELATION
5.3-1,5.1.3-1.1,0.3525,NO_RELATION
5.3-8,5.1.3-1.2,0.3524,NO_RELATION
5.8-1,5.2.1-2,0.3523,NO_RELATION
5.4-4,5.3.1-3,0.3523,NO_RELATION
5.0-1,5.1.2-2,0.3522,NO_RELATION
5.13-1A,5.2.4-3,0.3522,NO_RELATION
5.3-4A,5.5.1-2,0.3521,NO_RELATION
5.2-1,5.2.1-4.1,0.352,NO_RELATION
5.3-8,5.2.2-6,0.3519,NO_RELATION
5.6-5,5.4.1-1.1,0.3519,NO_RELATION
5.6-9,5.2.2-5,0.3518,NO_RELATION
5.12-1,5.1.3-1.1,0.3517,NO_RELATION
5.3-8,5.2.3-1,0.3517,NO_RELATION
5.5-6,5.1.2-5.1,0.3517,NO_RELATION
5.8-2,5.1.3-1.2,0.3516,NO_RELATION
5.12-3,5.4.2-4,0.3516,NO_RELATION
5.1-2,5.1.1-2,0.3516,NO_RELATION
5.6-9,5.2.1-4.2,0.3514,NO_RELATION
5.11-3,5.3.1-1,0.3514,NO_RELATION
5.6-4A,5.3.1-3,0.3513,NO_RELATION
5.3-1,5.1.3-2,0.3513,NO_RELATION
5.3-4A,5.2.2-2,0.3512,NO_RELATION
5.12-1,5.2.2-4,0.3512,NO_RELATION
5.5-1,5.1.3-2,0.3512,NO_RELATION
5.11-3,5.2.2-6,0.351,NO_RELATION
5.5-2,5.2.1-2,0.3508,NO_RELATION
5.2-1,5.2.4-3,0.3508,NO_RELATION
5.4-2,5.1.3-1.2,0.3507,NO_RELATION
5.4-4,5.3.1-2.2,0.3507,NO_RELATION
5.4-1,5.2.2-6,0.3505,NO_RELATION
5.3-11,5.2.4-1.2,0.3504,NO_RELATION
5.12-1,5.2.3-2.2,0.3504,NO_RELATION
5.1-2,5.1.3-3,0.3504,NO_RELATION
5.6-2,5.2.3-2,0.3503,NO_RELATION
5.1-4,5.2.2-6,0.3502,NO_RELATION
5.12-1,5.2.2-6,0.3501,NO_RELATION
5.3-5,5.4.1-2,0.3501,NO_RELATION
5.5-6,5.4.2-4,0.3501,NO_RELATION
5.6-5,5.2.3-1,0.3501,NO_RELATION
5.12-1,5.1.2-1,0.35,NO_RELATION
5.5-7,5.1.3-2,0.35,NO_RELATION
5.0-1,5.2.2-5,0.35,NO_RELATION
5.7-1,5.1.2-4,0.3497,NO_RELATION
5.11-1,5.2.1-2,0.3497,NO_RELATION
5.9-2,5.2.2-6,0.3497,NO_RELATION
5.3-8,5.2.5-3,0.3496,NO_RELATION
5.3-13,5.5.1-2,0.3496,NO_RELATION
5.5-8,5.2.3-2.2,0.3496,NO_RELATION
5.4-3,5.2.1-4.1,0.3495,NO_RELATION
5.3-13,5.2.1-4,0.3494,NO_RELATION
5.5-6,5.2.5-4,0.3493,NO_RELATION
5.6-6,5.2.2-6,0.3493,NO_RELATION
5.6-7,5.4.2-4,0.3492,NO_RELATION
5.6-7,5.1.2-1.1,0.3491,NO_RELATION
5.5-2,5.1.2-3,0.349,NO_RELATION
5.3-11,5.2.1-3.1,0.349,NO_RELATION
5.12-2,5.5.1-1,0.349,NO_RELATION
5.5-1,5.1.3-1.2,0.3489,NO_RELATION
5.0-1,5.2.1-3,0.3488,NO_RELATION
5.9-1,5.2.2-2,0.3488,NO_RELATION
5.7-2,5.2.1-3,0.3487,NO_RELATION
5.12-1,5.4.1-2,0.3485,NO_RELATION
5.0-1,5.1.4-4,0.3484,NO_RELATION
5.6-4A,5.2.4-3,0.3483,NO_RELATION
5.3-1,5.1.2-2,0.3483,NO_RELATION
5.1-2,5.2.2-1,0.3481,NO_RELATION
5.3-4B,5.2.3-4,0.3481,NO_RELATION
5.1-2,5.1.2-4,0.3479,NO_RELATION
5.5-3,5.4.1-2,0.3478,NO_RELATION
5.3-7,5.3.1-2.2,0.3477,NO_RELATION
5.4-4,5.5.1-1,0.3477,NO_RELATION
5.3-4A,5.2.1-4.1,0.3476,NO_RELATION
5.3-11,5.2.5-3,0.3475,NO_RELATION
5.4-2,5.2.3-2,0.3473,NO_RELATION
5.4-4,5.2.2-4,0.3472,NO_RELATION
5.3-11,5.2.5-2,0.3472,NO_RELATION
5.3-11,5.2.5-4.1,0.3471,NO_RELATION
5.5-2,5.2.5-2.1,0.3469,NO_RELATION
5.3-4B,5.2.2-2,0.3469,NO_RELATION
5.10-1,5.2.2-1,0.3469,NO_RELATION
5.8-2,5.1.1-2.2,0.3469,NO_RELATION
5.3-13,5.2.1-1,0.3468,NO_RELATION
5.2-3,5.4.2-1,0.3468,NO_RELATION
5.1-4,5.1.3-1.1,0.3467,NO_RELATION
5.12-1,5.2.5-2.1,0.3466,NO_RELATION
5.1-2,5.4.1-2,0.3466,NO_RELATION
5.13-1B,5.2.2-4,0.3466,NO_RELATION
5.3-5,5.1.1-2.1,0.3465,NO_RELATION
5.10-1,5.2.2-2,0.3464,NO_RELATION
5.6-5,5.1.2-4,0.3464,NO_RELATION
5.1-2,5.1.1-1.1,0.3464,NO_RELATION
5.6-9,5.3.1-2.2,0.3463,NO_RELATION
5.1-5,5.1.3-2,0.3463,NO_RELATION
5.5-6,5.4.1-2,0.3463,NO_RELATION
5.4-4,5.1.2-2,0.3461,NO_RELATION
5.3-4A,5.1.2-7,0.346,NO_RELATION
5.0-1,5.5.1-1,0.3458,NO_RELATION
5.6-4A,5.2.5-2.1,0.3456,NO_RELATION
5.3-6B,5.3.1-2.2,0.3455,NO_RELATION
5.8-3,5.1.2-6,0.3454,NO_RELATION
5.5-2,5.1.2-7,0.3453,NO_RELATION
5.3-11,5.1.3-1.3,0.3453,NO_RELATION
5.3-13,5.2.3-2.1,0.3452,NO_RELATION
5.5-6,5.2.5-2.1,0.3452,NO_RELATION
5.5-3,5.2.4-1.2,0.3452,NO_RELATION
5.3-12,5.1.1-2,0.3452,NO_RELATION
5.3-1,5.5.1-1,0.3452,NO_RELATION
5.10-1,5.1.2-4,0.3451,NO_RELATION
5.12-3,5.3.1-1,0.345,NO_RELATION
5.5-7,5.2.3-1,0.345,NO_RELATION
5.1-4,5.5.1-1,0.345,NO_RELATION
5.3-8,5.1.3-1.3,0.3447,NO_RELATION
5.6-7,5.2.1-4.1,0.3446,NO_RELATION
5.2-3,5.1.2-6,0.3446,NO_RELATION
5.3-2,5.3.1-2.2,0.3445,NO_RELATION
5.6-8,5.1.3-3,0.3441,NO_RELATION
5.12-3,5.1.2-5.1,0.3441,NO_RELATION
5.3-4A,5.2.5-2.1,0.344,NO_RELATION
5.1-4,5.1.3-2,0.344,NO_RELATION
5.3-10,5.2.2-2,0.344,NO_RELATION
5.13-1A,5.4.2-4,0.3438,NO_RELATION
5.4-1,5.5.1-1,0.3437,NO_RELATION
5.2-3,5.2.3-2.2,0.3436,NO_RELATION
5.4-3,5.2.4-1.1,0.3436,NO_RELATION
5.11-3,5.3.1-3,0.3435,NO_RELATION
5.13-1A,5.1.3-1.1,0.3434,NO_RELATION
5.2-3,5.1.2-5,0.3433,NO_RELATION
5.3-13,5.1.4-4,0.3433,NO_RELATION
5.13-1B,5.2.1-1,0.3431,NO_RELATION
5.12-2,5.2.2-2,0.3431,NO_RELATION
5.12-2,5.4.1-2,0.343,NO_RELATION
5.5-1,5.2.2-1,0.343,NO_RELATION
5.13-1A,5.2.1-1,0.3429,NO_RELATION
5.6-3,5.1.3-2,0.3429,NO_RELATION
5.1-2,5.1.3-1,0.3428,NO_RELATION
5.5-6,5.2.5-2,0.3428,NO_RELATION
5.11-4,5.2.1-4,0.3428,NO_RELATION
5.4-3,5.4.2-3,0.3427,NO_RELATION
5.4-2,5.1.2-4,0.3426,NO_RELATION
5.3-10,5.1.3-2,0.3426,NO_RELATION
5.4-4,5.1.1-1,0.3425,NO_RELATION
5.6-4A,5.1.4-5,0.3424,NO_RELATION
5.3-8,5.2.5-2,0.3424,NO_RELATION
5.3-4B,5.1.2-3,0.3424,NO_RELATION
5.0-1,5.5.1-2,0.3424,NO_RELATION
5.3-13,5.3.1-2,0.3424,NO_RELATION
5.7-2,5.2.3-4,0.3424,NO_RELATION
5.3-1,5.2.4-1,0.3423,NO_RELATION
5.6-4A,5.2.4-1,0.3422,NO_RELATION
5.3-14,5.1.1-2.1,0.3422,NO_RELATION
5.0-1,5.2.1-4.2,0.3422,NO_RELATION
5.9-1,5.3.1-3,0.3421,NO_RELATION
5.7-1,5.2.1-2,0.3421,NO_RELATION
5.12-1,5.4.2-4,0.342,NO_RELATION
5.11-4,5.4.2-1,0.3419,NO_RELATION
5.3-2,5.4.1-2,0.3419,NO_RELATION
5.4-2,5.1.1-2.2,0.3419,NO_RELATION
5.3-4A,5.2.2-5,0.3417,NO_RELATION
5.3-5,5.2.5-2,0.3417,NO_RELATION
5.2-1,5.1.2-1,0.3416,NO_RELATION
5.5-3,5.4.1-1.1,0.3415,NO_RELATION
5.13-1A,5.3.1-3,0.3414,NO_RELATION
5.8-2,5.4.1-2,0.3414,NO_RELATION
5.5-8,5.2.1-2,0.3413,NO_RELATION
5.5-7,5.1.1-2.2,0.3412,NO_RELATION
5.3-11,5.5.1-2,0.3411,NO_RELATION
5.2-3,5.2.5-2,0.3411,NO_RELATION
5.3-13,5.1.2-7,0.3411,NO_RELATION
5.2-3,5.5.1-2,0.341,NO_RELATION
5.8-3,5.2.3-4,0.341,NO_RELATION
5.3-1,5.1.4-4,0.341,NO_RELATION
5.8-2,5.2.3-1,0.341,NO_RELATION
5.2-3,5.2.4-1.1,0.341,NO_RELATION
5.5-7,5.1.2-3,0.3409,NO_RELATION
5.12-2,5.2.5-1,0.3409,NO_RELATION
5.3-15B,5.5.1-2,0.3408,NO_RELATION
5.3-13,5.2.3-3,0.3406,NO_RELATION
5.4-2,5.1.3-2,0.3406,NO_RELATION
5.3-14,5.5.1-2,0.3404,NO_RELATION
5.7-1,5.1.4-4,0.3404,NO_RELATION
5.7-1,5.1.2-3,0.3403,NO_RELATION
5.1-2,5.1.1-2.2,0.3403,NO_RELATION
5.13-1A,5.1.3-1.3,0.3403,NO_RELATION
5.4-2,5.1.2-6,0.3402,NO_RELATION
5.2-1,5.2.1-2,0.3401,NO_RELATION
5.6-9,5.2.5-2,0.3399,NO_RELATION
5.13-1A,5.1.3-4,0.3398,NO_RELATION
5.12-3,5.2.1-4,0.3398,NO_RELATION
5.2-3,5.5.1-1,0.3397,NO_RELATION
5.3-4A,5.1.3-4,0.3397,NO_RELATION
5.6-7,5.1.3-1.1,0.3396,NO_RELATION
5.13-1A,5.4.1-1,0.3396,NO_RELATION
5.0-1,5.1.4-3,0.3394,NO_RELATION
5.3-12,5.1.2-4,0.3394,NO_RELATION
5.3-11,5.3.1-2,0.3394,NO_RELATION
5.13-1A,5.1.1-2.2,0.3392,NO_RELATION
5.3-8,5.4.1-3,0.3392,NO_RELATION
5.12-2,5.1.1-1,0.3391,NO_RELATION
5.5-8,5.2.1-1,0.3391,NO_RELATION
5.8-3,5.2.4-1.1,0.3391,NO_RELATION
5.6-2,5.1.2-4,0.339,NO_RELATION
5.12-3,5.2.2-5,0.339,NO_RELATION
5.11-4,5.3.1-1,0.3389,NO_RELATION
5.8-2,5.1.3-1.1,0.3389,NO_RELATION
5.7-2,5.1.2-2,0.3388,NO_RELATION
5.6-8,5.1.2-5,0.3387,NO_RELATION
5.3-16,5.1.2-3,0.3387,NO_RELATION
5.3-4A,5.1.2-6,0.3386,NO_RELATION
5.1-4,5.1.2-3,0.3385,NO_RELATION
5.12-3,5.2.3-2.1,0.3385,NO_RELATION
5.7-2,5.2.3-2,0.3382,NO_RELATION
5.11-4,5.1.2-3,0.3381,NO_RELATION
5.8-1,5.2.4-1.2,0.3381,NO_RELATION
5.4-4,5.1.2-5,0.3379,NO_RELATION
5.6-7,5.1.1-1.1,0.3378,NO_RELATION
5.6-4A,5.2.3-2.1,0.3378,NO_RELATION
5.3-1,5.1.2-6,0.3378,NO_RELATION
5.12-3,5.2.5-2.1,0.3378,NO_RELATION
5.13-1A,5.4.2-2,0.3377,NO_RELATION
5.3-13,5.2.5-3,0.3377,NO_RELATION
5.5-8,5.1.1-1.1,0.3377,NO_RELATION
5.5-8,5.2.1-4.1,0.3377,NO_RELATION
5.5-3,5.2.1-2,0.3376,NO_RELATION
5.5-3,5.1.1-2.2,0.3376,NO_RELATION
5.6-8,5.1.1-2.2,0.3375,NO_RELATION
5.13-1B,5.4.1-2,0.3374,NO_RELATION
5.1-4,5.1.2-4,0.3374,NO_RELATION
5.3-4B,5.5.1-1,0.3371,NO_RELATION
5.7-2,5.1.2-5,0.3369,NO_RELATION
5.2-3,5.1.1-1.1,0.3369,NO_RELATION
5.13-1B,5.2.3-1,0.3369,NO_RELATION
5.4-1,5.2.4-1.1,0.3369,NO_RELATION
5.7-1,5.2.5-2.1,0.3369,NO_RELATION
5.5-6,5.1.1-1,0.3369,NO_RELATION
5.3-13,5.1.2-1.1,0.3368,NO_RELATION
5.5-1,5.2.3-2,0.3368,NO_RELATION
5.12-1,5.2.2-5,0.3366,NO_RELATION
5.3-4B,5.1.1-1,0.3365,NO_RELATION
5.6-9,5.3.1-1,0.3365,NO_RELATION
5.6-5,5.3.1-1,0.3365,NO_RELATION
5.4-2,5.4.1-2,0.3364,NO_RELATION
5.3-7,5.4.1-1,0.3363,NO_RELATION
5.6-4A,5.5.1-2,0.3363,NO_RELATION
5.3-2,5.2.3-1,0.3362,NO_RELATION
5.6-9,5.4.1-3,0.3362,NO_RELATION
5.9-1,5.2.1-3.1,0.3361,NO_RELATION
5.1-2,5.1.2-6,0.3361,NO_RELATION
5.12-2,5.2.2-5,0.3359,NO_RELATION
5.3-14,5.2.2-4,0.3359,NO_RELATION
5.6-8,5.4.2-3,0.3356,NO_RELATION
5.11-1,5.2.2-5,0.3356,NO_RELATION
5.5-8,5.4.2-1,0.3356,NO_RELATION
5.3-14,5.2.4-1,0.3356,NO_RELATION
5.10-1,5.1.2-6,0.3356,NO_RELATION
5.3-16,5.2.3-2.2,0.3355,NO_RELATION
5.5-8,5.2.3-4,0.3353,NO_RELATION
5.4-2,5.2.3-1,0.3353,NO_RELATION
5.5-7,5.1.2-4,0.3352,NO_RELATION
5.3-11,5.1.4-2,0.3352,NO_RELATION
5.6-2,5.2.4-1.2,0.3351,NO_RELATION
5.3-1,5.2.5-1,0.335,NO_RELATION
5.2-1,5.1.1-1,0.335,NO_RELATION
5.3-10,5.1.2-7,0.3349,NO_RELATION
5.3-11,5.1.2-2,0.3349,NO_RELATION
5.3-8,5.1.2-5.1,0.3348,NO_RELATION
5.13-1B,5.3.1-3,0.3347,NO_RELATION
5.5-2,5.2.4-1.1,0.3346,NO_RELATION
5.4-4,5.2.1-4.1,0.3345,NO_RELATION
5.12-2,5.1.2-5,0.3345,NO_RELATION
5.7-2,5.1.1-2,0.3344,NO_RELATION
5.6-8,5.2.3-1,0.3343,NO_RELATION
5.5-8,5.1.2-1,0.3343,NO_RELATION
5.13-1A,5.2.5-3,0.3342,NO_RELATION
5.3-1,5.1.1-2.1,0.3342,NO_RELATION
5.9-3,5.2.2-6,0.3341,NO_RELATION
5.3-10,5.2.3-2,0.3341,NO_RELATION
5.6-6,5.2.2-2,0.334,NO_RELATION
5.8-2,5.1.1-2,0.3339,NO_RELATION
5.12-2,5.1.1-2.2,0.3339,NO_RELATION
5.2-2,5.4.1-2,0.3336,NO_RELATION
5.6-6,5.1.4-2,0.3333,NO_RELATION
5.4-2,5.5.1-2,0.3333,NO_RELATION
5.12-1,5.2.4-1,0.3332,NO_RELATION
5.4-1,5.1.2-3,0.3332,NO_RELATION
5.6-8,5.2.2-4,0.3331,NO_RELATION
5.6-3,5.2.1-4,0.333,NO_RELATION
5.12-2,5.5.1-2,0.333,NO_RELATION
5.6-9,5.2.5-3,0.3329,NO_RELATION
5.5-2,5.2.3-1,0.3328,NO_RELATION
5.11-1,5.2.3-2,0.3328,NO_RELATION
5.5-8,5.3.1-2.1,0.3327,NO_RELATION
5.3-11,5.1.2-1.1,0.3327,NO_RELATION
5.5-8,5.4.2-4,0.3327,NO_RELATION
5.4-3,5.5.1-2,0.3327,NO_RELATION
5.3-7,5.2.3-1,0.3327,NO_RELATION
5.5-8,5.1.1-2.1,0.3326,NO_RELATION
5.3-2,5.2.3-2,0.3326,NO_RELATION
5.3-4B,5.1.3-1,0.3325,NO_RELATION
5.5-8,5.3.1-2,0.3325,NO_RELATION
5.3-5,5.1.3-1.1,0.3323,NO_RELATION
5.13-1B,5.4.2-4,0.3323,NO_RELATION
5.2-2,5.1.3-1.3,0.3321,NO_RELATION
5.12-3,5.5.1-1,0.3321,NO_RELATION
5.13-1B,5.1.3-1.3,0.3319,NO_RELATION
5.12-2,5.4.1-1,0.3319,NO_RELATION
5.3-11,5.1.1-2.2,0.3319,NO_RELATION
5.4-3,5.3.1-1,0.3317,NO_RELATION
5.5-1,5.2.3-1,0.3317,NO_RELATION
5.10-1,5.2.5-2.1,0.3316,NO_RELATION
5.5-8,5.1.3-1.3,0.3314,NO_RELATION
5.3-14,5.3.1-1,0.3314,NO_RELATION
5.3-11,5.1.4-5,0.3314,NO_RELATION
5.3-4B,5.2.1-4,0.3313,NO_RELATION
5.6-2,5.3.1-1,0.3312,NO_RELATION
5.6-7,5.1.2-5.1,0.3311,NO_RELATION
5.8-3,5.1.2-3,0.3311,NO_RELATION
5.6-2,5.2.1-4.2,0.3311,NO_RELATION
5.3-16,5.2.2-2,0.331,NO_RELATION
5.3-7,5.2.1-2,0.3308,NO_RELATION
5.4-1,5.1.4-4,0.3307,NO_RELATION
5.2-2,5.1.2-5.1,0.3307,NO_RELATION
5.4-4,5.1.2-1,0.3307,NO_RELATION
5.3-7,5.2.2-6,0.3307,NO_RELATION
5.5-6,5.1.3-4,0.3305,NO_RELATION
5.6-7,5.2.2-6,0.3305,NO_RELATION
5.12-2,5.2.4-1.1,0.3305,NO_RELATION
5.6-4A,5.5.1-1,0.3304,NO_RELATION
5.12-3,5.1.1-2.2,0.3304,NO_RELATION
5.3-13,5.1.2-5,0.3303,NO_RELATION
5.11-3,5.3.1-2.2,0.3301,NO_RELATION
5.3-7,5.1.1-2.1,0.3301,NO_RELATION
5.8-2,5.2.2-6,0.3299,NO_RELATION
5.3-12,5.2.4-1,0.3298,NO_RELATION
5.3-16,5.1.3-1.2,0.3298,NO_RELATION
5.4-2,5.1.3-3,0.3297,NO_RELATION
5.6-7,5.1.4-1,0.3297,NO_RELATION
5.10-1,5.1.2-5,0.3297,NO_RELATION
5.2-3,5.2.3-4,0.3297,NO_RELATION
5.10-1,5.2.1-2,0.3296,NO_RELATION
5.1-4,5.2.2-1,0.3296,NO_RELATION
5.13-1B,5.4.2-2,0.3295,NO_RELATION
5.3-12,5.1.3-1,0.3294,NO_RELATION
5.11-3,5.1.2-3,0.3292,NO_RELATION
5.9-2,5.2.1-3,0.3291,NO_RELATION
5.5-2,5.2.4-1,0.3291,NO_RELATION
5.13-1B,5.2.5-3,0.3291,NO_RELATION
5.13-1A,5.1.3-1,0.329,NO_RELATION
5.8-1,5.1.2-3,0.329,NO_RELATION
5.11-1,5.2.2-6,0.329,NO_RELATION
5.3-8,5.1.2-7,0.3289,NO_RELATION
5.3-10,5.2.5-1,0.3289,NO_RELATION
5.2-1,5.5.1-1,0.3288,NO_RELATION
5.1-2,5.4.2-4,0.3288,NO_RELATION
5.0-1,5.4.2-1,0.3288,NO_RELATION
5.13-1B,5.4.1-1,0.3288,NO_RELATION
5.8-1,5.1.3-1.2,0.3288,NO_RELATION
5.13-1B,5.2.1-2,0.3286,NO_RELATION
5.4-4,5.1.1-2.2,0.3286,NO_RELATION
5.3-6A,5.3.1-2.2,0.3286,NO_RELATION
5.4-4,5.5.1-2,0.3286,NO_RELATION
5.2-2,5.1.2-7,0.3286,NO_RELATION
5.6-7,5.2.3-4,0.3285,NO_RELATION
5.6-4A,5.3.1-1,0.3285,NO_RELATION
5.3-4A,5.1.2-2,0.3284,NO_RELATION
5.13-1A,5.2.2-3,0.3284,NO_RELATION
5.3-8,5.4.2-1,0.3284,NO_RELATION
5.3-12,5.2.4-3,0.3283,NO_RELATION
5.5-6,5.4.1-1,0.3283,NO_RELATION
5.5-8,5.1.3-1,0.3283,NO_RELATION
5.3-9,5.2.3-1,0.3282,NO_RELATION
5.13-1B,5.1.3-1.1,0.3282,NO_RELATION
5.8-2,5.2.2-2,0.3281,NO_RELATION
5.3-5,5.2.3-4,0.3281,NO_RELATION
5.3-5,5.2.2-6,0.3281,NO_RELATION
5.0-1,5.1.2-7,0.3281,NO_RELATION
5.3-3,5.1.3-1.1,0.328,NO_RELATION
5.3-2,5.2.2-2,0.328,NO_RELATION
5.1-4,5.2.3-2,0.328,NO_RELATION
5.3-4B,5.2.3-2.1,0.3279,NO_RELATION
5.4-1,5.2.1-4.2,0.3278,NO_RELATION
5.3-2,5.2.1-2,0.3277,NO_RELATION
5.6-9,5.1.3-4,0.3277,NO_RELATION
5.6-9,5.1.2-2,0.3276,NO_RELATION
5.6-6,5.4.1-1.1,0.3275,NO_RELATION
5.1-2,5.2.3-1,0.3275,NO_RELATION
5.4-4,5.4.2-3,0.3274,NO_RELATION
5.9-2,5.5.1-2,0.3273,NO_RELATION
5.3-12,5.1.1-1,0.3272,NO_RELATION
5.13-1A,5.2.1-4.2,0.327,NO_RELATION
5.3-8,5.1.2-5,0.3269,NO_RELATION
5.8-2,5.2.4-1.1,0.3268,NO_RELATION
5.1-2,5.4.1-1.1,0.3268,NO_RELATION
5.6-7,5.4.1-3,0.3265,NO_RELATION
5.3-13,5.2.4-1.2,0.3265,NO_RELATION
5.5-7,5.1.2-5,0.3264,NO_RELATION
5.2-3,5.1.4-3,0.3261,NO_RELATION
5.5-1,5.4.1-2,0.3261,NO_RELATION
5.3-12,5.2.2-6,0.3261,NO_RELATION
5.5-1,5.2.1-4,0.326,NO_RELATION
5.11-2,5.1.2-3,0.326,NO_RELATION
5.3-4A,5.2.4-3,0.3258,NO_RELATION
5.6-9,5.2.4-3,0.3258,NO_RELATION
5.3-4B,5.4.2-3,0.3258,NO_RELATION
5.6-4A,5.1.3-1.1,0.3258,NO_RELATION
5.3-12,5.2.3-2.2,0.3257,NO_RELATION
5.2-1,5.1.2-1.1,0.3257,NO_RELATION
5.10-1,5.1.1-2,0.3256,NO_RELATION
5.8-1,5.2.3-1,0.3256,NO_RELATION
5.12-2,5.3.1-1,0.3255,NO_RELATION
5.7-2,5.1.2-5.1,0.3254,NO_RELATION
5.2-2,5.1.3-1.2,0.3254,NO_RELATION
5.3-9,5.1.2-7,0.3251,NO_RELATION
5.4-2,5.1.3-1.1,0.3251,NO_RELATION
5.0-1,5.1.3-4,0.325,NO_RELATION
5.2-3,5.3.1-1,0.325,NO_RELATION
5.1-2,5.1.2-5,0.3249,NO_RELATION
5.4-2,5.2.2-1,0.3249,NO_RELATION
5.8-2,5.2.3-2,0.3249,NO_RELATION
5.12-1,5.2.5-1,0.3248,NO_RELATION
5.9-1,5.1.3-3,0.3248,NO_RELATION
5.6-5,5.2.4-1.2,0.3248,NO_RELATION
5.6-4A,5.1.2-2,0.3248,NO_RELATION
5.10-1,5.1.2-5.1,0.3248,NO_RELATION
5.13-1A,5.1.2-5.1,0.3247,NO_RELATION
5.5-2,5.1.3-3,0.3247,NO_RELATION
5.3-12,5.2.2-2,0.3247,NO_RELATION
5.4-1,5.2.3-2,0.3247,NO_RELATION
5.6-4A,5.1.3-3,0.3247,NO_RELATION
5.3-10,5.2.1-4,0.3246,NO_RELATION
5.12-2,5.2.3-4,0.3246,NO_RELATION
5.7-2,5.3.1-1,0.3245,NO_RELATION
5.5-2,5.1.4-4,0.3244,NO_RELATION
5.10-1,5.1.1-1,0.3244,NO_RELATION
5.3-1,5.1.3-3,0.3244,NO_RELATION
5.12-2,5.1.2-5.1,0.3243,NO_RELATION
5.8-3,5.1.2-4,0.3243,NO_RELATION
5.6-8,5.2.3-2.1,0.3243,NO_RELATION
5.5-6,5.1.4-2,0.3243,NO_RELATION
5.2-1,5.2.4-2,0.3243,NO_RELATION
5.5-8,5.1.1-2,0.3243,NO_RELATION
5.5-2,5.2.3-2.2,0.3242,NO_RELATION
5.6-7,5.2.4-3,0.3242,NO_RELATION
5.6-8,5.1.3-1,0.324,NO_RELATION
5.5-1,5.1.2-3,0.3239,NO_RELATION
5.5-2,5.4.2-4,0.3239,NO_RELATION
5.3-14,5.2.2-5,0.3238,NO_RELATION
5.6-3,5.1.4-5,0.3237,NO_RELATION
5.5-7,5.1.3-3,0.3236,NO_RELATION
5.1-4,5.1.3-1.2,0.3236,NO_RELATION
5.11-1,5.1.2-6,0.3236,NO_RELATION
5.11-1,5.2.1-3.1,0.3236,NO_RELATION
5.6-4A,5.4.2-1,0.3235,NO_RELATION
5.6-9,5.1.4-2,0.3235,NO_RELATION
5.12-3,5.1.3-1,0.3234,NO_RELATION
5.12-2,5.1.3-1,0.3234,NO_RELATION
5.13-1A,5.4.2-1,0.3234,NO_RELATION
5.6-4A,5.4.2-4,0.3234,NO_RELATION
5.3-14,5.4.1-2,0.3234,NO_RELATION
5.6-6,5.2.4-1,0.3234,NO_RELATION
5.8-1,5.1.3-2,0.3233,NO_RELATION
5.7-1,5.2.3-2,0.3232,NO_RELATION
5.3-4B,5.2.1-3.1,0.323,NO_RELATION
5.6-9,5.2.5-2.1,0.3229,NO_RELATION
5.6-6,5.1.3-1.2,0.3229,NO_RELATION
5.3-2,5.2.4-1.2,0.3228,NO_RELATION
5.3-4A,5.2.1-4.2,0.3228,NO_RELATION
5.6-8,5.2.2-5,0.3225,NO_RELATION
5.3-16,5.5.1-2,0.3225,NO_RELATION
5.6-8,5.1.3-4,0.3225,NO_RELATION
5.3-4A,5.1.2-1,0.3225,NO_RELATION
5.3-6A,5.2.3-4,0.3224,NO_RELATION
5.12-1,5.1.3-1,0.3224,NO_RELATION
5.4-4,5.2.4-1,0.3222,NO_RELATION
5.2-2,5.2.3-4,0.3221,NO_RELATION
5.5-1,5.1.1-2.2,0.322,NO_RELATION
5.4-1,5.2.2-1,0.3218,NO_RELATION
5.7-2,5.2.2-6,0.3218,NO_RELATION
5.5-1,5.2.4-1.2,0.3218,NO_RELATION
5.1-3,5.2.3-2,0.3217,NO_RELATION
5.11-2,5.2.1-4,0.3216,NO_RELATION
5.3-11,5.2.1-3,0.3216,NO_RELATION
5.7-1,5.1.2-6,0.3216,NO_RELATION
5.11-2,5.3.1-1,0.3214,NO_RELATION
5.12-3,5.2.5-2,0.3214,NO_RELATION
5.6-2,5.4.2-3,0.3212,NO_RELATION
5.10-1,5.1.3-3,0.3211,NO_RELATION
5.8-3,5.2.1-4,0.321,NO_RELATION
5.8-3,5.1.3-2,0.321,NO_RELATION
5.3-4B,5.2.1-3,0.321,NO_RELATION
5.12-2,5.2.5-2.1,0.321,NO_RELATION
5.12-1,5.4.2-3,0.3208,NO_RELATION
5.6-3,5.4.1-1.1,0.3208,NO_RELATION
5.3-4A,5.1.2-1.1,0.3207,NO_RELATION
5.3-1,5.1.3-4,0.3206,NO_RELATION
5.9-1,5.2.3-2.1,0.3205,NO_RELATION
5.3-16,5.3.1-2.2,0.3205,NO_RELATION
5.4-2,5.1.2-2,0.3203,NO_RELATION
5.6-4A,5.4.2-2,0.3202,NO_RELATION
5.5-2,5.1.3-2,0.3201,NO_RELATION
5.3-16,5.2.1-4.1,0.3201,NO_RELATION
5.6-3,5.3.1-1,0.3199,NO_RELATION
5.12-3,5.1.1-1.1,0.3199,NO_RELATION
5.3-8,5.2.2-5,0.3198,NO_RELATION
5.10-1,5.1.4-4,0.3198,NO_RELATION
5.3-4A,5.4.2-3,0.3196,NO_RELATION
5.3-4A,5.2.1-3,0.3196,NO_RELATION
5.11-1,5.1.2-1,0.3195,NO_RELATION
5.5-3,5.2.1-3.1,0.3195,NO_RELATION
5.6-7,5.1.2-2,0.3195,NO_RELATION
5.10-1,5.2.1-4.1,0.3194,NO_RELATION
5.3-2,5.1.1-2.1,0.3194,NO_RELATION
5.3-10,5.3.1-3,0.3193,NO_RELATION
5.3-1,5.2.4-1.1,0.3193,NO_RELATION
5.6-2,5.1.3-3,0.3192,NO_RELATION
5.8-1,5.1.1-2.2,0.3192,NO_RELATION
5.8-1,5.4.1-2,0.3191,NO_RELATION
5.11-2,5.1.2-5,0.319,NO_RELATION
5.5-3,5.1.3-1.2,0.319,NO_RELATION
5.8-2,5.4.1-1.1,0.3189,NO_RELATION
5.6-6,5.2.3-2,0.3189,NO_RELATION
5.3-12,5.2.2-4,0.3188,NO_RELATION
5.11-1,5.2.3-2.2,0.3188,NO_RELATION
5.3-4B,5.2.4-1.2,0.3188,NO_RELATION
5.5-1,5.1.2-4,0.3185,NO_RELATION
5.3-10,5.1.2-5,0.3185,NO_RELATION
5.2-1,5.1.4-2,0.3185,NO_RELATION
5.1-4,5.1.2-1,0.3184,NO_RELATION
5.5-8,5.2.2-2,0.3184,NO_RELATION
5.11-3,5.2.3-2.2,0.3183,NO_RELATION
5.0-1,5.1.3-1.3,0.3183,NO_RELATION
5.6-5,5.1.3-1.2,0.318,NO_RELATION
5.6-9,5.5.1-2,0.318,NO_RELATION
5.3-16,5.1.3-2,0.3179,NO_RELATION
5.2-3,5.2.1-1,0.3175,NO_RELATION
5.13-1B,5.2.4-3,0.3175,NO_RELATION
5.5-3,5.4.1-3,0.3175,NO_RELATION
5.6-4A,5.2.5-2,0.3175,NO_RELATION
5.8-1,5.5.1-1,0.3174,NO_RELATION
5.5-6,5.2.5-4.1,0.3173,NO_RELATION
5.3-8,5.2.2-1,0.3173,NO_RELATION
5.5-1,5.3.1-3,0.3172,NO_RELATION
5.2-1,5.1.2-2,0.3169,NO_RELATION
5.5-2,5.1.3-1.2,0.3168,NO_RELATION
5.12-1,5.1.2-5,0.3168,NO_RELATION
5.6-4A,5.1.3-1,0.3168,NO_RELATION
5.4-1,5.1.3-1.1,0.3167,NO_RELATION
5.10-1,5.2.5-1,0.3167,NO_RELATION
5.1-4,5.1.1-1.1,0.3166,NO_RELATION
5.7-2,5.1.2-1,0.3166,NO_RELATION
5.3-1,5.1.3-1,0.3165,NO_RELATION
5.13-1A,5.4.1-3,0.3164,NO_RELATION
5.11-4,5.1.3-3,0.3163,NO_RELATION
5.3-12,5.1.2-6,0.3161,NO_RELATION
5.6-8,5.3.1-1,0.3161,NO_RELATION
5.11-1,5.1.3-1.2,0.316,NO_RELATION
5.3-4B,5.2.3-2,0.316,NO_RELATION
5.3-13,5.4.2-4,0.316,NO_RELATION
5.3-9,5.2.3-4,0.3159,NO_RELATION
5.6-4A,5.2.5-1,0.3159,NO_RELATION
5.6-5,5.2.3-2.1,0.3159,NO_RELATION
5.5-2,5.3.1-1,0.3159,NO_RELATION
5.3-2,5.2.1-4,0.3158,NO_RELATION
5.3-16,5.3.1-2,0.3158,NO_RELATION
5.6-3,5.1.3-3,0.3157,NO_RELATION
5.11-4,5.2.5-3,0.3157,NO_RELATION
5.3-2,5.1.2-4,0.3157,NO_RELATION
5.3-6B,5.4.1-1.1,0.3156,NO_RELATION
5.5-1,5.1.2-5,0.3155,NO_RELATION
5.2-1,5.1.3-4,0.3154,NO_RELATION
5.5-7,5.1.3-1.1,0.3154,NO_RELATION
5.8-2,5.2.2-4,0.3153,NO_RELATION
5.6-5,5.1.3-3,0.3153,NO_RELATION
5.13-1B,5.1.3-4,0.3153,NO_RELATION
5.6-9,5.1.2-5,0.3151,NO_RELATION
5.3-12,5.2.3-2.1,0.3151,NO_RELATION
5.8-3,5.1.2-5,0.3151,NO_RELATION
5.3-4B,5.1.2-5,0.3149,NO_RELATION
5.6-8,5.1.2-3,0.3149,NO_RELATION
5.2-2,5.2.1-1,0.3148,NO_RELATION
5.4-3,5.2.5-2.1,0.3146,NO_RELATION
5.5-1,5.4.1-1.1,0.3146,NO_RELATION
5.13-1B,5.4.2-1,0.3146,NO_RELATION
5.8-2,5.1.1-1,0.3145,NO_RELATION
5.1-2,5.1.1-1,0.3144,NO_RELATION
5.7-1,5.2.5-1,0.3144,NO_RELATION
5.2-2,5.2.1-4,0.3143,NO_RELATION
5.2-2,5.2.5-3,0.3142,NO_RELATION
5.12-2,5.3.1-2,0.3142,NO_RELATION
5.3-2,5.1.3-1.2,0.3141,NO_RELATION
5.3-12,5.4.2-2,0.314,NO_RELATION
5.5-2,5.2.2-4,0.3138,NO_RELATION
5.4-4,5.2.1-4.2,0.3138,NO_RELATION
5.5-8,5.1.2-1.1,0.3138,NO_RELATION
5.8-2,5.1.2-4,0.3138,NO_RELATION
5.12-2,5.4.2-3,0.3137,NO_RELATION
5.4-4,5.1.1-2,0.3137,NO_RELATION
5.5-7,5.2.3-2,0.3137,NO_RELATION
5.5-1,5.1.1-2,0.3136,NO_RELATION
5.2-1,5.1.4-5,0.3136,NO_RELATION
5.13-1B,5.1.1-2.2,0.3135,NO_RELATION
5.3-4B,5.2.5-2,0.3134,NO_RELATION
5.1-2,5.2.3-2,0.3134,NO_RELATION
5.9-2,5.2.2-5,0.3133,NO_RELATION
5.5-8,5.2.1-3.1,0.3132,NO_RELATION
5.10-1,5.2.3-2,0.3132,NO_RELATION
5.3-15B,5.4.1-1.1,0.3132,NO_RELATION
5.4-1,5.2.3-1,0.3132,NO_RELATION
5.3-12,5.1.3-3,0.3132,NO_RELATION
5.4-2,5.1.1-1.1,0.3131,NO_RELATION
5.3-4A,5.3.1-1,0.3131,NO_RELATION
5.3-2,5.2.2-4,0.313,NO_RELATION
5.4-4,5.2.1-3,0.313,NO_RELATION
5.7-2,5.4.2-1,0.3129,NO_RELATION
5.4-1,5.4.1-1.1,0.3129,NO_RELATION
5.8-2,5.1.2-1,0.3126,NO_RELATION
5.8-2,5.1.3-3,0.3126,NO_RELATION
5.2-2,5.2.4-1.1,0.3126,NO_RELATION
5.12-3,5.1.2-1.1,0.3124,NO_RELATION
5.4-4,5.2.2-5,0.3123,NO_RELATION
5.2-2,5.2.4-3,0.3123,NO_RELATION
5.2-3,5.1.2-1.1,0.3121,NO_RELATION
5.3-15B,5.4.1-1,0.3121,NO_RELATION
5.10-1,5.1.2-1,0.312,NO_RELATION
5.3-1,5.4.1-3,0.3119,NO_RELATION
5.10-1,5.2.1-4.2,0.3119,NO_RELATION
5.5-1,5.1.1-1,0.3119,NO_RELATION
5.4-2,5.1.4-4,0.3118,NO_RELATION
5.3-4B,5.1.4-3,0.3118,NO_RELATION
5.6-6,5.1.4-4,0.3118,NO_RELATION
5.5-7,5.2.4-1.1,0.3117,NO_RELATION
5.3-4B,5.4.2-1,0.3117,NO_RELATION
5.10-1,5.2.4-1.2,0.3117,NO_RELATION
5.11-1,5.1.2-1.1,0.3116,NO_RELATION
5.7-2,5.1.4-3,0.3116,NO_RELATION
5.1-3,5.2.4-1.2,0.3116,NO_RELATION
5.3-8,5.2.3-2.2,0.3116,NO_RELATION
5.7-2,5.1.3-4,0.3115,NO_RELATION
5.2-2,5.1.1-1,0.3115,NO_RELATION
5.3-16,5.2.5-4,0.3115,NO_RELATION
5.3-1,5.1.1-2.2,0.3115,NO_RELATION
5.1-4,5.1.2-5,0.3115,NO_RELATION
5.12-3,5.5.1-2,0.3115,NO_RELATION
5.6-6,5.2.2-4,0.3114,NO_RELATION
5.5-6,5.2.2-5,0.3114,NO_RELATION
5.5-6,5.2.2-3,0.3113,NO_RELATION
5.3-1,5.2.2-1,0.3113,NO_RELATION
5.9-1,5.1.3-2,0.3112,NO_RELATION
5.10-1,5.1.3-1.1,0.3112,NO_RELATION
5.3-15A,5.2.3-2,0.3112,NO_RELATION
5.3-5,5.2.4-1.2,0.3112,NO_RELATION
5.12-3,5.3.1-2,0.3112,NO_RELATION
5.3-4B,5.2.2-1,0.3111,NO_RELATION
5.6-3,5.2.3-2.1,0.3111,NO_RELATION
5.7-2,5.1.1-2.1,0.311,NO_RELATION
5.6-7,5.4.2-3,0.3109,NO_RELATION
5.12-3,5.2.5-3,0.3109,NO_RELATION
5.6-9,5.1.2-1.1,0.3109,NO_RELATION
5.7-1,5.5.1-1,0.3108,NO_RELATION
5.5-6,5.2.2-2,0.3107,NO_RELATION
5.6-2,5.2.2-4,0.3107,NO_RELATION
5.6-6,5.2.3-2.2,0.3106,NO_RELATION
5.6-2,5.1.3-1,0.3106,NO_RELATION
5.3-7,5.2.3-4,0.3106,NO_RELATION
5.8-1,5.1.2-6,0.3105,NO_RELATION
5.6-4A,5.1.4-3,0.3105,NO_RELATION
5.7-2,5.1.2-1.1,0.3104,NO_RELATION
5.5-7,5.4.1-1.1,0.3104,NO_RELATION
5.3-2,5.1.3-1.1,0.3104,NO_RELATION
5.13-1B,5.1.4-1,0.3103,NO_RELATION
5.4-3,5.1.4-5,0.3103,NO_RELATION
5.5-2,5.1.1-2.2,0.3103,NO_RELATION
5.3-4B,5.1.2-6,0.3102,NO_RELATION
5.6-5,5.5.1-1,0.3102,NO_RELATION
5.3-4A,5.2.5-2,0.3102,NO_RELATION
5.3-10,5.2.2-1,0.3102,NO_RELATION
5.12-3,5.4.2-1,0.3102,NO_RELATION
5.12-1,5.1.3-3,0.31,NO_RELATION
5.6-7,5.1.2-7,0.3099,NO_RELATION
5.6-7,5.5.1-2,0.3099,NO_RELATION
5.6-8,5.1.3-1.1,0.3099,NO_RELATION
5.6-4A,5.4.1-3,0.3099,NO_RELATION
5.5-3,5.2.3-4,0.3098,NO_RELATION
5.8-1,5.1.2-5,0.3098,NO_RELATION
5.4-2,5.2.1-4.2,0.3096,NO_RELATION
5.6-7,5.1.1-2,0.3096,NO_RELATION
5.3-15B,5.2.2-6,0.3095,NO_RELATION
5.6-5,5.2.1-4.1,0.3095,NO_RELATION
5.3-12,5.2.3-2,0.3094,NO_RELATION
5.11-1,5.2.2-2,0.3094,NO_RELATION
5.5-1,5.1.3-1.1,0.3093,NO_RELATION
5.0-1,5.3.1-2,0.3092,NO_RELATION
5.12-1,5.5.1-2,0.3092,NO_RELATION
5.3-12,5.2.1-3,0.3092,NO_RELATION
5.6-2,5.1.2-3,0.3091,NO_RELATION
5.11-4,5.2.1-2,0.3091,NO_RELATION
5.5-3,5.4.2-4,0.3091,NO_RELATION
5.7-2,5.2.5-1,0.309,NO_RELATION
5.3-12,5.1.3-1.2,0.3089,NO_RELATION
5.3-6B,5.2.3-4,0.3089,NO_RELATION
5.3-16,5.2.5-4.1,0.3089,NO_RELATION
5.3-7,5.2.1-4,0.3088,NO_RELATION
5.3-13,5.2.3-1,0.3088,NO_RELATION
5.12-3,5.4.2-3,0.3087,NO_RELATION
5.7-2,5.2.4-1,0.3085,NO_RELATION
5.8-3,5.2.4-1,0.3085,NO_RELATION
5.5-5,5.2.2-2,0.3085,NO_RELATION
5.3-12,5.5.1-2,0.3084,NO_RELATION
5.12-2,5.1.2-1.1,0.3084,NO_RELATION
5.6-8,5.1.1-2,0.3083,NO_RELATION
5.3-15A,5.2.2-6,0.3083,NO_RELATION
5.1-5,5.2.1-3,0.3082,NO_RELATION
5.0-1,5.2.5-2.1,0.3082,NO_RELATION
5.4-2,5.3.1-1,0.3082,NO_RELATION
5.9-1,5.5.1-2,0.3082,NO_RELATION
5.2-1,5.2.5-4.1,0.3082,NO_RELATION
5.5-1,5.1.2-6,0.3082,NO_RELATION
5.1-5,5.1.2-2,0.3081,NO_RELATION
5.6-7,5.1.3-4,0.308,NO_RELATION
5.4-2,5.1.2-1,0.308,NO_RELATION
5.3-1,5.1.1-1,0.308,NO_RELATION
5.5-7,5.5.1-1,0.3079,NO_RELATION
5.7-2,5.1.3-1,0.3078,NO_RELATION
5.11-4,5.2.5-1,0.3078,NO_RELATION
5.3-7,5.2.2-4,0.3078,NO_RELATION
5.6-7,5.2.5-3,0.3077,NO_RELATION
5.11-3,5.1.2-1.1,0.3076,NO_RELATION
5.4-1,5.2.1-4.1,0.3074,NO_RELATION
5.11-3,5.2.2-5,0.3074,NO_RELATION
5.6-7,5.2.1-1,0.3074,NO_RELATION
5.3-2,5.1.3-2,0.3073,NO_RELATION
5.1-2,5.1.4-4,0.3073,NO_RELATION
5.8-3,5.1.2-1.1,0.3072,NO_RELATION
5.12-3,5.1.4-2,0.3072,NO_RELATION
5.1-4,5.4.1-1.1,0.307,NO_RELATION
5.5-2,5.3.1-3,0.307,NO_RELATION
5.7-2,5.2.1-4.1,0.307,NO_RELATION
5.11-3,5.1.4-5,0.3069,NO_RELATION
5.13-1A,5.1.1-2,0.3068,NO_RELATION
5.3-3,5.4.1-2,0.3068,NO_RELATION
5.12-2,5.1.1-2.1,0.3064,NO_RELATION
5.7-2,5.2.2-4,0.3064,NO_RELATION
5.13-1B,5.1.3-1,0.3062,NO_RELATION
5.4-2,5.4.1-1.1,0.3061,NO_RELATION
5.5-3,5.2.1-4.1,0.306,NO_RELATION
5.6-5,5.2.2-5,0.306,NO_RELATION
5.6-9,5.1.1-2,0.306,NO_RELATION
5.3-2,5.1.3-3,0.306,NO_RELATION
5.12-1,5.2.2-2,0.306,NO_RELATION
5.1-2,5.2.5-2.1,0.3058,NO_RELATION
5.6-8,5.4.2-4,0.3057,NO_RELATION
5.4-2,5.2.2-6,0.3056,NO_RELATION
5.0-1,5.1.1-2.1,0.3056,NO_RELATION
5.8-3,5.3.1-2,0.3056,NO_RELATION
5.8-3,5.1.3-3,0.3055,NO_RELATION
5.3-1,5.2.1-4.2,0.3055,NO_RELATION
5.5-8,5.4.1-2,0.3055,NO_RELATION
5.4-3,5.1.3-1.1,0.3054,NO_RELATION
5.1-2,5.1.2-2,0.3052,NO_RELATION
5.3-7,5.2.3-2,0.3052,NO_RELATION
5.6-4A,5.1.4-2,0.305,NO_RELATION
5.3-9,5.1.1-2.1,0.3049,NO_RELATION
5.3-10,5.1.3-1.2,0.3049,NO_RELATION
5.1-4,5.3.1-1,0.3048,NO_RELATION
5.12-1,5.4.1-1,0.3048,NO_RELATION
5.6-8,5.4.1-2,0.3047,NO_RELATION
5.5-1,5.2.2-6,0.3047,NO_RELATION
5.12-3,5.2.1-3.1,0.3046,NO_RELATION
5.5-2,5.2.2-2,0.3046,NO_RELATION
5.3-2,5.2.3-4,0.3045,NO_RELATION
5.1-4,5.2.4-1.2,0.3045,NO_RELATION
5.11-4,5.2.1-3.1,0.3044,NO_RELATION
5.5-6,5.4.2-3,0.3043,NO_RELATION
5.11-4,5.5.1-1,0.3043,NO_RELATION
5.11-3,5.2.3-4,0.3043,NO_RELATION
5.2-3,5.1.2-7,0.3043,NO_RELATION
5.3-12,5.4.2-1,0.3042,NO_RELATION
5.1-2,5.1.2-1,0.3042,NO_RELATION
5.11-4,5.2.4-1.1,0.3042,NO_RELATION
5.2-1,5.2.1-3,0.304,NO_RELATION
5.6-4A,5.4.1-1,0.304,NO_RELATION
5.7-2,5.1.4-5,0.3037,NO_RELATION
5.2-1,5.2.5-2.1,0.3036,NO_RELATION
5.3-12,5.2.1-3.1,0.3036,NO_RELATION
5.1-2,5.2.5-1,0.3035,NO_RELATION
5.3-10,5.1.1-1,0.3035,NO_RELATION
5.3-10,5.1.2-1.1,0.3035,NO_RELATION
5.2-1,5.2.1-3.1,0.3035,NO_RELATION
5.1-4,5.4.1-2,0.3032,NO_RELATION
5.6-9,5.4.2-3,0.3031,NO_RELATION
5.3-12,5.1.2-1,0.303,NO_RELATION
5.12-2,5.1.4-3,0.303,NO_RELATION
5.6-5,5.4.1-1,0.3029,NO_RELATION
5.3-6A,5.2.2-2,0.3029,NO_RELATION
5.6-9,5.4.2-4,0.3028,NO_RELATION
5.6-5,5.1.4-4,0.3026,NO_RELATION
5.8-2,5.1.2-5.1,0.3026,NO_RELATION
5.10-1,5.5.1-1,0.3025,NO_RELATION
5.6-3,5.2.4-1.2,0.3025,NO_RELATION
5.5-7,5.1.1-1.1,0.3025,NO_RELATION
5.6-4A,5.2.1-4.2,0.3024,NO_RELATION
5.6-7,5.2.2-5,0.3023,NO_RELATION
5.1-4,5.3.1-2,0.3022,NO_RELATION
5.4-3,5.2.3-2.2,0.3022,NO_RELATION
5.0-1,5.2.1-1,0.3022,NO_RELATION
5.6-6,5.3.1-1,0.3021,NO_RELATION
5.3-1,5.2.1-3.1,0.3021,NO_RELATION
5.6-5,5.2.5-1,0.302,NO_RELATION
5.11-4,5.1.2-1.1,0.3019,NO_RELATION
5.3-9,5.2.4-1,0.3018,NO_RELATION
5.11-1,5.2.3-4,0.3018,NO_RELATION
5.11-2,5.2.1-2,0.3018,NO_RELATION
5.3-8,5.2.1-4,0.3016,NO_RELATION
5.3-16,5.1.3-1.1,0.3015,NO_RELATION
5.2-2,5.1.2-5,0.3015,NO_RELATION
5.6-8,5.5.1-2,0.3014,NO_RELATION
5.4-1,5.1.3-1.2,0.3014,NO_RELATION
5.3-4A,5.1.2-5.1,0.3013,NO_RELATION
5.7-1,5.1.3-2,0.3012,NO_RELATION
5.11-1,5.1.4-5,0.3011,NO_RELATION
5.3-12,5.2.5-2,0.3011,NO_RELATION
5.4-1,5.3.1-1,0.301,NO_RELATION
5.6-3,5.1.2-2,0.301,NO_RELATION
5.11-4,5.2.1-1,0.301,NO_RELATION
5.5-2,5.1.4-2,0.301,NO_RELATION
5.3-1,5.1.2-5,0.3009,NO_RELATION
5.3-9,5.1.3-3,0.3008,NO_RELATION
5.3-7,5.1.3-1.1,0.3008,NO_RELATION
5.3-4B,5.1.2-1,0.3008,NO_RELATION
5.13-1B,5.2.1-4.2,0.3007,NO_RELATION
5.6-2,5.4.2-4,0.3006,NO_RELATION
5.1-2,5.2.4-1.1,0.3005,NO_RELATION
5.1-4,5.2.3-1,0.3005,NO_RELATION
5.3-12,5.4.2-3,0.3004,NO_RELATION
5.6-5,5.2.1-4,0.3004,NO_RELATION
5.3-12,5.3.1-2.1,0.3004,NO_RELATION
5.3-1,5.4.2-4,0.3004,NO_RELATION
5.3-1,5.3.1-1,0.3003,NO_RELATION
5.4-2,5.1.1-2,0.3002,NO_RELATION
5.13-1B,5.2.2-3,0.3001,NO_RELATION
